date,season_1,season_2,season_3,season_4,holiday,workingday,weather_1,weather_2,weather_3,temperature,humidity,windspeed,count
2011-01-01 00:00:00,1.0,0.0,0.0,0.0,0,0,0.0,1.0,0.0,0.344167,0.805833,0.160446,985
2011-01-02 00:00:00,1.0,0.0,0.0,0.0,0,0,0.0,1.0,0.0,0.363478,0.696087,0.24853899999999998,801
2011-01-03 00:00:00,1.0,0.0,0.0,0.0,0,1,1.0,0.0,0.0,0.196364,0.43727299999999997,0.248309,1349
2011-01-04 00:00:00,1.0,0.0,0.0,0.0,0,1,1.0,0.0,0.0,0.2,0.590435,0.160296,1562
2011-01-05 00:00:00,1.0,0.0,0.0,0.0,0,1,1.0,0.0,0.0,0.22695700000000002,0.436957,0.1869,1600
2011-01-06 00:00:00,1.0,0.0,0.0,0.0,0,1,1.0,0.0,0.0,0.204348,0.518261,0.0895652,1606
2011-01-07 00:00:00,1.0,0.0,0.0,0.0,0,1,0.0,1.0,0.0,0.196522,0.49869600000000003,0.168726,1510
2011-01-08 00:00:00,1.0,0.0,0.0,0.0,0,0,0.0,1.0,0.0,0.165,0.535833,0.266804,959
2011-01-09 00:00:00,1.0,0.0,0.0,0.0,0,0,1.0,0.0,0.0,0.13833299999999998,0.434167,0.36195,822
2011-01-10 00:00:00,1.0,0.0,0.0,0.0,0,1,1.0,0.0,0.0,0.150833,0.482917,0.22326700000000002,1321
2011-01-11 00:00:00,1.0,0.0,0.0,0.0,0,1,0.0,1.0,0.0,0.16909100000000002,0.6863640000000001,0.12213199999999999,1263
2011-01-12 00:00:00,1.0,0.0,0.0,0.0,0,1,1.0,0.0,0.0,0.172727,0.599545,0.304627,1162
2011-01-13 00:00:00,1.0,0.0,0.0,0.0,0,1,1.0,0.0,0.0,0.165,8.695569312786679,0.301,1406
2011-01-14 00:00:00,1.0,0.0,0.0,0.0,0,1,1.0,0.0,0.0,0.16087,0.537826,0.126548,1421
2011-01-15 00:00:00,1.0,0.0,0.0,0.0,0,0,0.0,1.0,0.0,0.23333299999999998,0.49875,0.15796300000000002,1248
2011-01-16 00:00:00,1.0,0.0,0.0,0.0,0,0,1.0,0.0,0.0,0.231667,0.48375,0.188433,1204
2011-01-17 00:00:00,1.0,0.0,0.0,0.0,1,0,0.0,1.0,0.0,0.175833,0.5375,0.194017,1000
2011-01-18 00:00:00,1.0,0.0,0.0,0.0,0,1,0.0,1.0,0.0,0.216667,0.861667,0.146775,683
2011-01-19 00:00:00,1.0,0.0,0.0,0.0,0,1,0.0,1.0,0.0,0.292174,0.741739,0.208317,1650
2011-01-20 00:00:00,1.0,0.0,0.0,0.0,0,1,0.0,1.0,0.0,0.261667,0.538333,0.195904,1927
2011-01-21 00:00:00,1.0,0.0,0.0,0.0,0,1,1.0,0.0,0.0,0.1775,0.457083,0.353242,1543
2011-01-22 00:00:00,1.0,0.0,0.0,0.0,0,0,1.0,0.0,0.0,0.0591304,0.4,0.17197,981
2011-01-23 00:00:00,1.0,0.0,0.0,0.0,0,0,1.0,0.0,0.0,0.0965217,0.436522,0.2466,986
2011-01-24 00:00:00,1.0,0.0,0.0,0.0,0,1,1.0,0.0,0.0,0.0973913,0.49173900000000004,0.15833,1416
2011-01-25 00:00:00,1.0,0.0,0.0,0.0,0,1,0.0,1.0,0.0,0.223478,0.616957,0.129796,1985
2011-01-26 00:00:00,1.0,0.0,0.0,0.0,0,1,0.0,0.0,1.0,0.2175,0.8625,0.29385,506
2011-01-27 00:00:00,1.0,0.0,0.0,0.0,0,1,1.0,0.0,0.0,0.195,0.6875,0.113837,431
2011-01-28 00:00:00,1.0,0.0,0.0,0.0,0,1,0.0,1.0,0.0,0.203478,0.793043,0.1233,1167
2011-01-29 00:00:00,1.0,0.0,0.0,0.0,0,0,1.0,0.0,0.0,0.196522,0.6517390000000001,0.14536500000000002,1098
2011-01-30 00:00:00,1.0,0.0,0.0,0.0,0,0,1.0,0.0,0.0,0.216522,0.722174,0.0739826,1096
2011-01-31 00:00:00,1.0,0.0,0.0,0.0,0,1,0.0,1.0,0.0,0.180833,0.60375,0.187192,1501
2011-02-01 00:00:00,1.0,0.0,0.0,0.0,0,1,0.0,1.0,0.0,0.192174,0.829565,0.053212999999999996,1360
2011-02-02 00:00:00,1.0,0.0,0.0,0.0,0,1,0.0,1.0,0.0,0.26,0.775417,0.264308,1526
2011-02-03 00:00:00,1.0,0.0,0.0,0.0,0,1,1.0,0.0,0.0,0.18695699999999998,0.43782600000000005,0.277752,1550
2011-02-04 00:00:00,1.0,0.0,0.0,0.0,0,1,0.0,1.0,0.0,0.211304,10.671900403218904,0.127839,1708
2011-02-05 00:00:00,1.0,0.0,0.0,0.0,0,0,0.0,1.0,0.0,0.23333299999999998,0.929167,0.161079,1005
2011-02-06 00:00:00,1.0,0.0,0.0,0.0,0,0,1.0,0.0,0.0,0.285833,0.568333,0.1418,1623
2011-02-07 00:00:00,1.0,0.0,0.0,0.0,0,1,1.0,0.0,0.0,0.271667,0.738333,0.045408300000000006,1712
2011-02-08 00:00:00,1.0,0.0,0.0,0.0,0,1,1.0,0.0,0.0,0.220833,0.537917,0.36195,1530
2011-02-09 00:00:00,1.0,0.0,0.0,0.0,0,1,0.0,1.0,0.0,0.134783,0.494783,0.188839,1605
2011-02-10 00:00:00,1.0,0.0,0.0,0.0,0,1,1.0,0.0,0.0,0.144348,0.437391,0.221935,1538
2011-02-11 00:00:00,1.0,0.0,0.0,0.0,0,1,1.0,0.0,0.0,0.189091,0.506364,0.10855,1746
2011-02-12 00:00:00,1.0,0.0,0.0,0.0,0,0,1.0,0.0,0.0,0.2225,0.544167,0.20336700000000002,1472
2011-02-13 00:00:00,1.0,0.0,0.0,0.0,0,0,1.0,0.0,0.0,0.31652199999999997,0.457391,0.260883,1589
2011-02-14 00:00:00,1.0,0.0,0.0,0.0,0,1,1.0,0.0,0.0,0.415,0.375833,0.417908,1913
2011-02-15 00:00:00,1.0,0.0,0.0,0.0,0,1,1.0,0.0,0.0,0.26608699999999996,0.314348,0.29137399999999997,1815
2011-02-16 00:00:00,1.0,0.0,0.0,0.0,0,1,1.0,0.0,0.0,0.318261,0.42347799999999997,0.251791,2115
2011-02-17 00:00:00,1.0,0.0,0.0,0.0,0,1,1.0,0.0,0.0,0.43583299999999997,0.505,0.230104,2475
2011-02-18 00:00:00,1.0,0.0,0.0,0.0,0,1,1.0,0.0,0.0,0.521667,0.516667,0.264925,2927
2011-02-19 00:00:00,1.0,0.0,0.0,0.0,0,0,1.0,0.0,0.0,0.399167,0.187917,0.507463,1635
2011-02-20 00:00:00,1.0,0.0,0.0,0.0,0,0,1.0,0.0,0.0,0.285217,0.407826,0.223235,1812
2011-02-21 00:00:00,1.0,0.0,0.0,0.0,1,0,0.0,1.0,0.0,0.303333,0.605,0.307846,1107
2011-02-22 00:00:00,1.0,0.0,0.0,0.0,0,1,1.0,0.0,0.0,0.182222,0.577778,0.195683,1450
2011-02-23 00:00:00,1.0,0.0,0.0,0.0,0,1,1.0,0.0,0.0,0.221739,0.423043,0.094113,1917
2011-02-24 00:00:00,1.0,0.0,0.0,0.0,0,1,0.0,1.0,0.0,0.295652,0.697391,0.250496,1807
2011-02-25 00:00:00,1.0,0.0,0.0,0.0,0,1,0.0,1.0,0.0,0.364348,0.712174,0.346539,1461
2011-02-26 00:00:00,1.0,0.0,0.0,0.0,0,0,1.0,0.0,0.0,0.2825,0.537917,0.18657100000000001,1969
2011-02-27 00:00:00,1.0,0.0,0.0,0.0,0,0,1.0,0.0,0.0,0.343478,0.68,0.125248,2402
2011-02-28 00:00:00,1.0,0.0,0.0,0.0,0,1,0.0,1.0,0.0,0.407273,0.8763639999999999,0.289686,1446
2011-03-01 00:00:00,1.0,0.0,0.0,0.0,0,1,1.0,0.0,0.0,0.266667,0.535,0.216425,1851
2011-03-02 00:00:00,1.0,0.0,0.0,0.0,0,1,1.0,0.0,0.0,0.335,0.449583,0.30783299999999997,2134
2011-03-03 00:00:00,1.0,0.0,0.0,0.0,0,1,1.0,0.0,0.0,0.19833299999999998,0.318333,0.225754,1685
2011-03-04 00:00:00,1.0,0.0,0.0,0.0,0,1,0.0,1.0,0.0,0.261667,0.610417,0.203346,1944
2011-03-05 00:00:00,1.0,0.0,0.0,0.0,0,0,0.0,1.0,0.0,0.384167,0.789167,0.251871,2077
2011-03-06 00:00:00,1.0,0.0,0.0,0.0,0,0,0.0,1.0,0.0,0.37652199999999997,0.948261,0.343287,605
2011-03-07 00:00:00,1.0,0.0,0.0,0.0,0,1,1.0,0.0,0.0,0.261739,0.551304,0.341352,1872
2011-03-08 00:00:00,1.0,0.0,0.0,0.0,0,1,1.0,0.0,0.0,0.2925,0.420833,0.12065,2133
2011-03-09 00:00:00,1.0,0.0,0.0,0.0,0,1,0.0,1.0,0.0,0.295833,0.775417,0.22015,1891
2011-03-10 00:00:00,1.0,0.0,0.0,0.0,0,1,0.0,0.0,1.0,0.38909099999999996,0.0,0.26187699999999997,623
2011-03-11 00:00:00,1.0,0.0,0.0,0.0,0,1,0.0,1.0,0.0,0.31652199999999997,0.649565,0.23296999999999998,1977
2011-03-12 00:00:00,1.0,0.0,0.0,0.0,0,0,1.0,0.0,0.0,0.329167,0.594583,0.220775,2132
2011-03-13 00:00:00,1.0,0.0,0.0,0.0,0,0,1.0,0.0,0.0,0.384348,0.5273909999999999,0.270604,2417
2011-03-14 00:00:00,1.0,0.0,0.0,0.0,0,1,1.0,0.0,0.0,0.32521700000000003,0.496957,0.136926,2046
2011-03-15 00:00:00,1.0,0.0,0.0,0.0,0,1,0.0,1.0,0.0,0.317391,0.655652,0.184309,2056
2011-03-16 00:00:00,1.0,0.0,0.0,0.0,0,1,0.0,1.0,0.0,0.365217,0.776522,0.20311700000000002,2192
2011-03-17 00:00:00,1.0,0.0,0.0,0.0,0,1,1.0,0.0,0.0,0.415,0.602917,0.209579,2744
2011-03-18 00:00:00,1.0,0.0,0.0,0.0,0,1,1.0,0.0,0.0,0.54,0.525217,0.231017,3239
2011-03-19 00:00:00,1.0,0.0,0.0,0.0,0,0,1.0,0.0,0.0,0.4725,0.37916700000000003,0.368167,3117
2011-03-20 00:00:00,1.0,0.0,0.0,0.0,0,0,1.0,0.0,0.0,0.3325,0.47375,0.20772100000000002,2471
2011-03-21 00:00:00,0.0,1.0,0.0,0.0,0,1,0.0,1.0,0.0,0.430435,0.737391,0.288783,2077
2011-03-22 00:00:00,0.0,1.0,0.0,0.0,0,1,1.0,0.0,0.0,0.44166700000000003,0.624583,0.22575,2703
2011-03-23 00:00:00,0.0,1.0,0.0,0.0,0,1,0.0,1.0,0.0,0.346957,0.839565,0.23426100000000002,2121
2011-03-24 00:00:00,0.0,1.0,0.0,0.0,0,1,0.0,1.0,0.0,0.285,0.805833,0.24378699999999998,1865
2011-03-25 00:00:00,0.0,1.0,0.0,0.0,0,1,1.0,0.0,0.0,0.264167,0.495,0.230725,2210
2011-03-26 00:00:00,0.0,1.0,0.0,0.0,0,0,1.0,0.0,0.0,0.265833,0.394167,0.209571,2496
2011-03-27 00:00:00,0.0,1.0,0.0,0.0,0,0,0.0,1.0,0.0,0.25304299999999996,0.493913,0.1843,1693
2011-03-28 00:00:00,0.0,1.0,0.0,0.0,0,1,1.0,0.0,0.0,0.264348,0.302174,0.212204,2028
2011-03-29 00:00:00,0.0,1.0,0.0,0.0,0,1,1.0,0.0,0.0,0.3025,0.31416700000000003,0.226996,2425
2011-03-30 00:00:00,0.0,1.0,0.0,0.0,0,1,0.0,1.0,0.0,0.3,0.646667,0.17288800000000001,1536
2011-03-31 00:00:00,0.0,1.0,0.0,0.0,0,1,0.0,0.0,1.0,0.268333,0.918333,0.217646,1685
2011-04-01 00:00:00,0.0,1.0,0.0,0.0,0,1,0.0,1.0,0.0,0.3,0.68625,0.258708,2227
2011-04-02 00:00:00,0.0,1.0,0.0,0.0,0,0,0.0,1.0,0.0,0.315,0.65375,0.19714600000000002,2252
2011-04-03 00:00:00,0.0,1.0,0.0,0.0,0,0,1.0,0.0,0.0,0.378333,0.48,0.182213,3249
2011-04-04 00:00:00,0.0,1.0,0.0,0.0,0,1,1.0,0.0,0.0,0.573333,0.42625,0.385571,3115
2011-04-05 00:00:00,0.0,1.0,0.0,0.0,0,1,0.0,1.0,0.0,0.414167,0.642083,0.388067,1795
2011-04-06 00:00:00,0.0,1.0,0.0,0.0,0,1,1.0,0.0,0.0,0.390833,0.470833,0.263063,2808
2011-04-07 00:00:00,0.0,1.0,0.0,0.0,0,1,1.0,0.0,0.0,0.4375,0.602917,0.16231199999999998,3141
2011-04-08 00:00:00,0.0,1.0,0.0,0.0,0,1,0.0,1.0,0.0,0.335833,0.83625,0.226992,1471
2011-04-09 00:00:00,0.0,1.0,0.0,0.0,0,0,0.0,1.0,0.0,0.3425,0.8775,0.13308299999999998,2455
2011-04-10 00:00:00,0.0,1.0,0.0,0.0,0,0,0.0,1.0,0.0,0.426667,0.8575,0.146767,2895
2011-04-11 00:00:00,0.0,1.0,0.0,0.0,0,1,0.0,1.0,0.0,0.5956520000000001,0.716956,0.324474,3348
2011-04-12 00:00:00,0.0,1.0,0.0,0.0,0,1,0.0,1.0,0.0,0.5025,0.739167,0.274879,2034
2011-04-13 00:00:00,0.0,1.0,0.0,0.0,0,1,0.0,1.0,0.0,0.4125,0.819167,0.25061700000000003,2162
2011-04-14 00:00:00,0.0,1.0,0.0,0.0,0,1,1.0,0.0,0.0,0.4675,0.540417,0.1107,3267
2011-04-15 00:00:00,0.0,1.0,0.0,0.0,1,0,1.0,0.0,0.0,0.446667,0.67125,0.226375,3126
2011-04-16 00:00:00,0.0,1.0,0.0,0.0,0,0,0.0,0.0,1.0,0.43083299999999997,0.888333,0.340808,795
2011-04-17 00:00:00,0.0,1.0,0.0,0.0,0,0,1.0,0.0,0.0,0.456667,0.479583,0.303496,3744
2011-04-18 00:00:00,0.0,1.0,0.0,0.0,0,1,1.0,0.0,0.0,0.5125,0.5425,0.16356700000000002,3429
2011-04-19 00:00:00,0.0,1.0,0.0,0.0,0,1,0.0,1.0,0.0,0.505833,0.665833,0.157971,3204
2011-04-20 00:00:00,0.0,1.0,0.0,0.0,0,1,1.0,0.0,0.0,0.595,0.614167,0.241925,3944
2011-04-21 00:00:00,0.0,1.0,0.0,0.0,0,1,1.0,0.0,0.0,0.459167,0.407083,0.325258,4189
2011-04-22 00:00:00,0.0,1.0,0.0,0.0,0,1,0.0,1.0,0.0,0.336667,0.729583,0.219521,1683
2011-04-23 00:00:00,0.0,1.0,0.0,0.0,0,0,0.0,1.0,0.0,0.46,0.887917,0.230725,4036
2011-04-24 00:00:00,0.0,1.0,0.0,0.0,0,0,0.0,1.0,0.0,0.581667,0.810833,0.192175,4191
2011-04-25 00:00:00,0.0,1.0,0.0,0.0,0,1,1.0,0.0,0.0,0.606667,0.776667,0.185333,4073
2011-04-26 00:00:00,0.0,1.0,0.0,0.0,0,1,1.0,0.0,0.0,0.631667,0.729167,0.3265,4400
2011-04-27 00:00:00,0.0,1.0,0.0,0.0,0,1,0.0,1.0,0.0,0.62,0.835417,0.3122,3872
2011-04-28 00:00:00,0.0,1.0,0.0,0.0,0,1,0.0,1.0,0.0,0.6175,0.700833,0.32090799999999997,4058
2011-04-29 00:00:00,0.0,1.0,0.0,0.0,0,1,1.0,0.0,0.0,0.51,0.457083,0.240063,4595
2011-04-30 00:00:00,0.0,1.0,0.0,0.0,0,0,1.0,0.0,0.0,0.4725,0.503333,0.235075,5312
2011-05-01 00:00:00,0.0,1.0,0.0,0.0,0,0,0.0,1.0,0.0,0.451667,0.762083,0.10635399999999999,3351
2011-05-02 00:00:00,0.0,1.0,0.0,0.0,0,1,0.0,1.0,0.0,0.549167,0.73,0.183454,4401
2011-05-03 00:00:00,0.0,1.0,0.0,0.0,0,1,0.0,1.0,0.0,0.616667,0.697083,0.342667,4451
2011-05-04 00:00:00,0.0,1.0,0.0,0.0,0,1,0.0,1.0,0.0,0.414167,0.737083,0.328996,2633
2011-05-05 00:00:00,0.0,1.0,0.0,0.0,0,1,1.0,0.0,0.0,0.459167,0.44416700000000003,0.295392,4433
2011-05-06 00:00:00,0.0,1.0,0.0,0.0,0,1,1.0,0.0,0.0,0.479167,0.59,0.228246,4608
2011-05-07 00:00:00,0.0,1.0,0.0,0.0,0,0,1.0,0.0,0.0,0.52,0.54125,0.16045,4714
2011-05-08 00:00:00,0.0,1.0,0.0,0.0,0,0,1.0,0.0,0.0,0.5283329999999999,0.631667,0.0746375,4333
2011-05-09 00:00:00,0.0,1.0,0.0,0.0,0,1,1.0,0.0,0.0,0.5325,0.58875,0.17600000000000002,4362
2011-05-10 00:00:00,0.0,1.0,0.0,0.0,0,1,1.0,0.0,0.0,0.5325,0.489167,0.11567100000000001,4803
2011-05-11 00:00:00,0.0,1.0,0.0,0.0,0,1,1.0,0.0,0.0,0.5425,0.632917,0.12064200000000001,4182
2011-05-12 00:00:00,0.0,1.0,0.0,0.0,0,1,1.0,0.0,0.0,0.535,0.7475,0.189667,4864
2011-05-13 00:00:00,0.0,1.0,0.0,0.0,0,1,0.0,1.0,0.0,0.5125,0.863333,0.179725,4105
2011-05-14 00:00:00,0.0,1.0,0.0,0.0,0,0,0.0,1.0,0.0,0.520833,0.9225,0.13495,3409
2011-05-15 00:00:00,0.0,1.0,0.0,0.0,0,0,0.0,1.0,0.0,0.5625,0.867083,0.152979,4553
2011-05-16 00:00:00,0.0,1.0,0.0,0.0,0,1,1.0,0.0,0.0,0.5775,0.787917,0.126871,3958
2011-05-17 00:00:00,0.0,1.0,0.0,0.0,0,1,0.0,1.0,0.0,0.561667,0.837917,0.277354,4123
2011-05-18 00:00:00,0.0,1.0,0.0,0.0,0,1,0.0,1.0,0.0,0.55,0.87,0.201492,3855
2011-05-19 00:00:00,0.0,1.0,0.0,0.0,0,1,0.0,1.0,0.0,0.530833,0.829583,0.10821300000000002,4575
2011-05-20 00:00:00,0.0,1.0,0.0,0.0,0,1,1.0,0.0,0.0,0.536667,0.719583,0.125013,4917
2011-05-21 00:00:00,0.0,1.0,0.0,0.0,0,0,1.0,0.0,0.0,0.6025,0.626667,0.12065,5805
2011-05-22 00:00:00,0.0,1.0,0.0,0.0,0,0,1.0,0.0,0.0,0.604167,0.749583,0.148008,4660
2011-05-23 00:00:00,0.0,1.0,0.0,0.0,0,1,0.0,1.0,0.0,0.631667,0.81,0.233842,4274
2011-05-24 00:00:00,0.0,1.0,0.0,0.0,0,1,0.0,1.0,0.0,0.66,0.740833,0.207092,4492
2011-05-25 00:00:00,0.0,1.0,0.0,0.0,0,1,1.0,0.0,0.0,0.660833,0.69625,0.15423299999999998,4978
2011-05-26 00:00:00,0.0,1.0,0.0,0.0,0,1,1.0,0.0,0.0,0.708333,0.6775,0.19964200000000001,4677
2011-05-27 00:00:00,0.0,1.0,0.0,0.0,0,1,1.0,0.0,0.0,0.681667,0.65375,0.240679,4679
2011-05-28 00:00:00,0.0,1.0,0.0,0.0,0,0,1.0,0.0,0.0,0.655833,0.729583,0.23009200000000002,4758
2011-05-29 00:00:00,0.0,1.0,0.0,0.0,0,0,1.0,0.0,0.0,0.6675,0.81875,0.21393800000000002,4788
2011-05-30 00:00:00,0.0,1.0,0.0,0.0,1,0,1.0,0.0,0.0,0.733333,0.685,0.131225,4098
2011-05-31 00:00:00,0.0,1.0,0.0,0.0,0,1,1.0,0.0,0.0,0.775,0.636667,0.111329,3982
2011-06-01 00:00:00,0.0,1.0,0.0,0.0,0,1,0.0,1.0,0.0,0.764167,0.677083,0.207092,3974
2011-06-02 00:00:00,0.0,1.0,0.0,0.0,0,1,1.0,0.0,0.0,0.715,0.305,0.29228699999999996,4968
2011-06-03 00:00:00,0.0,1.0,0.0,0.0,0,1,1.0,0.0,0.0,0.62,0.354167,0.253121,5312
2011-06-04 00:00:00,0.0,1.0,0.0,0.0,0,0,1.0,0.0,0.0,0.635,0.45625,0.123142,5342
2011-06-05 00:00:00,0.0,1.0,0.0,0.0,0,0,0.0,1.0,0.0,0.648333,0.6525,0.138692,4906
2011-06-06 00:00:00,0.0,1.0,0.0,0.0,0,1,1.0,0.0,0.0,0.678333,0.6,0.121896,4548
2011-06-07 00:00:00,0.0,1.0,0.0,0.0,0,1,1.0,0.0,0.0,0.7075,0.597917,0.187808,4833
2011-06-08 00:00:00,0.0,1.0,0.0,0.0,0,1,1.0,0.0,0.0,0.775833,0.6220829999999999,0.136817,4401
2011-06-09 00:00:00,0.0,1.0,0.0,0.0,0,1,0.0,1.0,0.0,0.808333,0.568333,0.149883,3915
2011-06-10 00:00:00,0.0,1.0,0.0,0.0,0,1,1.0,0.0,0.0,0.755,0.605,0.14055399999999998,4586
2011-06-11 00:00:00,0.0,1.0,0.0,0.0,0,0,1.0,0.0,0.0,0.725,0.654583,0.15485,4966
2011-06-12 00:00:00,0.0,1.0,0.0,0.0,0,0,1.0,0.0,0.0,0.6925,0.747917,0.16356700000000002,4460
2011-06-13 00:00:00,0.0,1.0,0.0,0.0,0,1,1.0,0.0,0.0,0.635,0.494583,0.30535,5020
2011-06-14 00:00:00,0.0,1.0,0.0,0.0,0,1,1.0,0.0,0.0,0.604167,0.507083,0.269283,4891
2011-06-15 00:00:00,0.0,1.0,0.0,0.0,0,1,1.0,0.0,0.0,0.626667,0.471667,0.16791199999999998,5180
2011-06-16 00:00:00,0.0,1.0,0.0,0.0,0,1,0.0,1.0,0.0,0.628333,0.688333,0.20647100000000002,3767
2011-06-17 00:00:00,0.0,1.0,0.0,0.0,0,1,1.0,0.0,0.0,0.649167,0.735833,0.143029,4844
2011-06-18 00:00:00,0.0,1.0,0.0,0.0,0,0,1.0,0.0,0.0,0.696667,0.670417,0.11940799999999999,5119
2011-06-19 00:00:00,0.0,1.0,0.0,0.0,0,0,0.0,1.0,0.0,0.699167,0.666667,0.102,4744
2011-06-20 00:00:00,0.0,1.0,0.0,0.0,0,1,0.0,1.0,0.0,0.635,0.74625,0.155475,4010
2011-06-21 00:00:00,0.0,0.0,1.0,0.0,0,1,0.0,1.0,0.0,0.680833,0.770417,0.171025,4835
2011-06-22 00:00:00,0.0,0.0,1.0,0.0,0,1,1.0,0.0,0.0,0.733333,0.7075,0.172262,4507
2011-06-23 00:00:00,0.0,0.0,1.0,0.0,0,1,0.0,1.0,0.0,0.728333,0.703333,0.238804,4790
2011-06-24 00:00:00,0.0,0.0,1.0,0.0,0,1,1.0,0.0,0.0,0.724167,0.573333,0.222025,4991
2011-06-25 00:00:00,0.0,0.0,1.0,0.0,0,0,1.0,0.0,0.0,0.695,0.483333,0.209571,5202
2011-06-26 00:00:00,0.0,0.0,1.0,0.0,0,0,1.0,0.0,0.0,0.68,26.214339764253957,0.09453330000000001,5305
2011-06-27 00:00:00,0.0,0.0,1.0,0.0,0,1,0.0,1.0,0.0,0.6825,0.658333,0.10758800000000002,4708
2011-06-28 00:00:00,0.0,0.0,1.0,0.0,0,1,1.0,0.0,0.0,0.744167,0.634167,0.144283,4648
2011-06-29 00:00:00,0.0,0.0,1.0,0.0,0,1,1.0,0.0,0.0,0.728333,0.497917,0.261821,5225
2011-06-30 00:00:00,0.0,0.0,1.0,0.0,0,1,1.0,0.0,0.0,0.696667,0.434167,0.18531199999999998,5515
2011-07-01 00:00:00,0.0,0.0,1.0,0.0,0,1,1.0,0.0,0.0,0.7225,0.39625,0.10260799999999999,5362
2011-07-02 00:00:00,0.0,0.0,1.0,0.0,0,0,1.0,0.0,0.0,0.738333,0.444583,0.11506199999999998,5119
2011-07-03 00:00:00,0.0,0.0,1.0,0.0,0,0,0.0,1.0,0.0,0.716667,0.6825,0.228858,4649
2011-07-04 00:00:00,0.0,0.0,1.0,0.0,1,0,0.0,1.0,0.0,0.726667,0.637917,0.08147919999999999,6043
2011-07-05 00:00:00,0.0,0.0,1.0,0.0,0,1,1.0,0.0,0.0,0.746667,0.590417,0.12625799999999998,4665
2011-07-06 00:00:00,0.0,0.0,1.0,0.0,0,1,1.0,0.0,0.0,0.72,0.743333,0.149883,4629
2011-07-07 00:00:00,0.0,0.0,1.0,0.0,0,1,1.0,0.0,0.0,0.75,0.65125,0.1592,4592
2011-07-08 00:00:00,0.0,0.0,1.0,0.0,0,1,0.0,1.0,0.0,0.709167,0.757917,0.225129,4040
2011-07-09 00:00:00,0.0,0.0,1.0,0.0,0,0,1.0,0.0,0.0,0.733333,0.609167,0.16791199999999998,5336
2011-07-10 00:00:00,0.0,0.0,1.0,0.0,0,0,1.0,0.0,0.0,0.7475,0.578333,0.183471,4881
2011-07-11 00:00:00,0.0,0.0,1.0,0.0,0,1,1.0,0.0,0.0,0.7625,0.635833,0.282337,4086
2011-07-12 00:00:00,0.0,0.0,1.0,0.0,0,1,1.0,0.0,0.0,0.794167,0.559167,0.200254,4258
2011-07-13 00:00:00,0.0,0.0,1.0,0.0,0,1,1.0,0.0,0.0,0.746667,0.631667,0.14613299999999999,4342
2011-07-14 00:00:00,0.0,0.0,1.0,0.0,0,1,1.0,0.0,0.0,0.680833,0.47625,0.24066700000000002,5084
2011-07-15 00:00:00,0.0,0.0,1.0,0.0,0,1,1.0,0.0,0.0,0.663333,0.59125,0.182833,5538
2011-07-16 00:00:00,0.0,0.0,1.0,0.0,0,0,1.0,0.0,0.0,0.686667,0.585,0.208342,5923
2011-07-17 00:00:00,0.0,0.0,1.0,0.0,0,0,1.0,0.0,0.0,0.719167,0.604167,0.245033,5302
2011-07-18 00:00:00,0.0,0.0,1.0,0.0,0,1,1.0,0.0,0.0,0.746667,0.65125,0.215804,4458
2011-07-19 00:00:00,0.0,0.0,1.0,0.0,0,1,1.0,0.0,0.0,0.776667,0.650417,0.1306,4541
2011-07-20 00:00:00,0.0,0.0,1.0,0.0,0,1,1.0,0.0,0.0,0.768333,0.707083,0.113817,4332
2011-07-21 00:00:00,0.0,0.0,1.0,0.0,0,1,0.0,1.0,0.0,0.815,0.69125,0.222021,3784
2011-07-22 00:00:00,0.0,0.0,1.0,0.0,0,1,1.0,0.0,0.0,0.848333,0.580417,0.1331,3387
2011-07-23 00:00:00,0.0,0.0,1.0,0.0,0,0,1.0,0.0,0.0,0.849167,0.5,0.131221,3285
2011-07-24 00:00:00,0.0,0.0,1.0,0.0,0,0,1.0,0.0,0.0,0.83,0.550833,0.16917100000000002,3606
2011-07-25 00:00:00,0.0,0.0,1.0,0.0,0,1,1.0,0.0,0.0,0.743333,0.757083,0.09080830000000001,3840
2011-07-26 00:00:00,0.0,0.0,1.0,0.0,0,1,1.0,0.0,0.0,0.771667,0.540833,0.200258,4590
2011-07-27 00:00:00,0.0,0.0,1.0,0.0,0,1,1.0,0.0,0.0,0.775,0.402917,0.18346300000000001,4656
2011-07-28 00:00:00,0.0,0.0,1.0,0.0,0,1,1.0,0.0,0.0,0.779167,0.583333,0.178479,4390
2011-07-29 00:00:00,0.0,0.0,1.0,0.0,0,1,1.0,0.0,0.0,0.838333,0.5425,0.17413800000000001,3846
2011-07-30 00:00:00,0.0,0.0,1.0,0.0,0,0,1.0,0.0,0.0,0.804167,0.465833,0.168537,4475
2011-07-31 00:00:00,0.0,0.0,1.0,0.0,0,0,1.0,0.0,0.0,0.805833,0.480833,0.16481300000000002,4302
2011-08-01 00:00:00,0.0,0.0,1.0,0.0,0,1,1.0,0.0,0.0,0.771667,0.550833,0.156717,4266
2011-08-02 00:00:00,0.0,0.0,1.0,0.0,0,1,1.0,0.0,0.0,0.783333,0.49125,0.20585,4845
2011-08-03 00:00:00,0.0,0.0,1.0,0.0,0,1,0.0,1.0,0.0,0.731667,0.6575,0.13558299999999998,3574
2011-08-04 00:00:00,0.0,0.0,1.0,0.0,0,1,0.0,1.0,0.0,0.71,0.7575,0.19715,4576
2011-08-05 00:00:00,0.0,0.0,1.0,0.0,0,1,1.0,0.0,0.0,0.710833,0.630833,0.184696,4866
2011-08-06 00:00:00,0.0,0.0,1.0,0.0,0,0,0.0,1.0,0.0,0.716667,0.755,0.22825,4294
2011-08-07 00:00:00,0.0,0.0,1.0,0.0,0,0,1.0,0.0,0.0,0.7425,0.7529170000000001,0.201487,3785
2011-08-08 00:00:00,0.0,0.0,1.0,0.0,0,1,1.0,0.0,0.0,0.765,0.592083,0.192175,4326
2011-08-09 00:00:00,0.0,0.0,1.0,0.0,0,1,1.0,0.0,0.0,0.775,0.570417,0.151121,4602
2011-08-10 00:00:00,0.0,0.0,1.0,0.0,0,1,1.0,0.0,0.0,0.766667,0.424167,0.200258,4780
2011-08-11 00:00:00,0.0,0.0,1.0,0.0,0,1,1.0,0.0,0.0,0.7175,20.174988073463577,0.164796,4792
2011-08-12 00:00:00,0.0,0.0,1.0,0.0,0,1,1.0,0.0,0.0,0.708333,0.415,0.125621,4905
2011-08-13 00:00:00,0.0,0.0,1.0,0.0,0,0,0.0,1.0,0.0,0.685833,0.729583,0.211454,4150
2011-08-14 00:00:00,0.0,0.0,1.0,0.0,0,0,0.0,1.0,0.0,0.676667,0.8175,0.222633,3820
2011-08-15 00:00:00,0.0,0.0,1.0,0.0,0,1,1.0,0.0,0.0,0.665833,0.712083,0.208954,4338
2011-08-16 00:00:00,0.0,0.0,1.0,0.0,0,1,1.0,0.0,0.0,0.700833,0.578333,0.23632899999999998,4725
2011-08-17 00:00:00,0.0,0.0,1.0,0.0,0,1,1.0,0.0,0.0,0.723333,0.575417,0.14366700000000002,4694
2011-08-18 00:00:00,0.0,0.0,1.0,0.0,0,1,1.0,0.0,0.0,0.711667,0.654583,0.233208,3805
2011-08-19 00:00:00,0.0,0.0,1.0,0.0,0,1,0.0,1.0,0.0,0.685,0.722917,0.139308,4153
2011-08-20 00:00:00,0.0,0.0,1.0,0.0,0,0,1.0,0.0,0.0,0.6975,0.674167,0.104467,5191
2011-08-21 00:00:00,0.0,0.0,1.0,0.0,0,0,1.0,0.0,0.0,0.710833,0.77,0.248754,3873
2011-08-22 00:00:00,0.0,0.0,1.0,0.0,0,1,1.0,0.0,0.0,0.691667,0.47,0.27675,4758
2011-08-23 00:00:00,0.0,0.0,1.0,0.0,0,1,1.0,0.0,0.0,0.640833,0.455417,0.146763,5895
2011-08-24 00:00:00,0.0,0.0,1.0,0.0,0,1,1.0,0.0,0.0,0.673333,0.605,0.253108,5130
2011-08-25 00:00:00,0.0,0.0,1.0,0.0,0,1,0.0,1.0,0.0,0.684167,0.771667,0.210833,3542
2011-08-26 00:00:00,0.0,0.0,1.0,0.0,0,1,1.0,0.0,0.0,0.7,0.76125,0.0839625,4661
2011-08-27 00:00:00,0.0,0.0,1.0,0.0,0,0,0.0,1.0,0.0,0.68,0.85,0.37561700000000003,1115
2011-08-28 00:00:00,0.0,0.0,1.0,0.0,0,0,1.0,0.0,0.0,0.707059,0.561765,0.304659,4334
2011-08-29 00:00:00,0.0,0.0,1.0,0.0,0,1,1.0,0.0,0.0,0.636667,0.554583,0.159825,4634
2011-08-30 00:00:00,0.0,0.0,1.0,0.0,0,1,1.0,0.0,0.0,0.639167,0.548333,0.12500799999999998,5204
2011-08-31 00:00:00,0.0,0.0,1.0,0.0,0,1,1.0,0.0,0.0,0.656667,0.597917,0.08333330000000001,5058
2011-09-01 00:00:00,0.0,0.0,1.0,0.0,0,1,1.0,0.0,0.0,0.655,0.639167,0.141796,5115
2011-09-02 00:00:00,0.0,0.0,1.0,0.0,0,1,0.0,1.0,0.0,0.643333,0.727083,0.139929,4727
2011-09-03 00:00:00,0.0,0.0,1.0,0.0,0,0,1.0,0.0,0.0,0.669167,0.716667,0.185325,4484
2011-09-04 00:00:00,0.0,0.0,1.0,0.0,0,0,1.0,0.0,0.0,0.709167,0.742083,0.206467,4940
2011-09-05 00:00:00,0.0,0.0,1.0,0.0,1,0,0.0,1.0,0.0,0.673333,0.790417,0.212696,3351
2011-09-06 00:00:00,0.0,0.0,1.0,0.0,0,1,0.0,0.0,1.0,0.54,0.886957,0.343943,2710
2011-09-07 00:00:00,0.0,0.0,1.0,0.0,0,1,0.0,0.0,1.0,0.599167,0.917083,0.0970208,1996
2011-09-08 00:00:00,0.0,0.0,1.0,0.0,0,1,0.0,0.0,1.0,0.6339130000000001,0.939565,0.192748,1842
2011-09-09 00:00:00,0.0,0.0,1.0,0.0,0,1,0.0,1.0,0.0,0.65,0.897917,0.12437899999999999,3544
2011-09-10 00:00:00,0.0,0.0,1.0,0.0,0,0,1.0,0.0,0.0,0.66,0.75375,0.153608,5345
2011-09-11 00:00:00,0.0,0.0,1.0,0.0,0,0,1.0,0.0,0.0,0.6533329999999999,0.71375,0.11505399999999999,5046
2011-09-12 00:00:00,0.0,0.0,1.0,0.0,0,1,1.0,0.0,0.0,0.6443479999999999,0.692174,0.088913,4713
2011-09-13 00:00:00,0.0,0.0,1.0,0.0,0,1,1.0,0.0,0.0,0.650833,0.7125,0.14180399999999999,4763
2011-09-14 00:00:00,0.0,0.0,1.0,0.0,0,1,1.0,0.0,0.0,0.673333,0.697083,0.1673,4785
2011-09-15 00:00:00,0.0,0.0,1.0,0.0,0,1,0.0,1.0,0.0,0.5775,0.709167,0.271146,3659
2011-09-16 00:00:00,0.0,0.0,1.0,0.0,0,1,0.0,1.0,0.0,0.469167,0.590417,0.164183,4760
2011-09-17 00:00:00,0.0,0.0,1.0,0.0,0,0,0.0,1.0,0.0,0.491667,0.718333,0.189675,4511
2011-09-18 00:00:00,0.0,0.0,1.0,0.0,0,0,1.0,0.0,0.0,0.5075,0.695,0.178483,4274
2011-09-19 00:00:00,0.0,0.0,1.0,0.0,0,1,0.0,1.0,0.0,0.549167,0.69,0.15174200000000002,4539
2011-09-20 00:00:00,0.0,0.0,1.0,0.0,0,1,0.0,1.0,0.0,0.561667,0.88125,0.134954,3641
2011-09-21 00:00:00,0.0,0.0,1.0,0.0,0,1,0.0,1.0,0.0,0.595,0.9,0.0964042,4352
2011-09-22 00:00:00,0.0,0.0,1.0,0.0,0,1,0.0,1.0,0.0,0.628333,0.902083,0.128125,4795
2011-09-23 00:00:00,0.0,0.0,0.0,1.0,0,1,0.0,1.0,0.0,0.609167,0.9725,0.0783667,2395
2011-09-24 00:00:00,0.0,0.0,0.0,1.0,0,0,0.0,1.0,0.0,0.606667,0.8625,0.0783833,5423
2011-09-25 00:00:00,0.0,0.0,0.0,1.0,0,0,0.0,1.0,0.0,0.634167,0.845,0.0503792,5010
2011-09-26 00:00:00,0.0,0.0,0.0,1.0,0,1,0.0,1.0,0.0,0.649167,0.848333,0.1107,4630
2011-09-27 00:00:00,0.0,0.0,0.0,1.0,0,1,0.0,1.0,0.0,0.636667,0.885417,0.118171,4120
2011-09-28 00:00:00,0.0,0.0,0.0,1.0,0,1,0.0,1.0,0.0,0.635,0.84875,0.14862899999999998,3907
2011-09-29 00:00:00,0.0,0.0,0.0,1.0,0,1,1.0,0.0,0.0,0.616667,0.699167,0.17288299999999998,4839
2011-09-30 00:00:00,0.0,0.0,0.0,1.0,0,1,1.0,0.0,0.0,0.564167,0.6475,0.206475,5202
2011-10-01 00:00:00,0.0,0.0,0.0,1.0,0,0,0.0,1.0,0.0,0.41,0.75375,0.292296,2429
2011-10-02 00:00:00,0.0,0.0,0.0,1.0,0,0,0.0,1.0,0.0,0.356667,0.791667,0.22201300000000002,2918
2011-10-03 00:00:00,0.0,0.0,0.0,1.0,0,1,0.0,1.0,0.0,0.384167,0.760833,0.08334580000000001,3570
2011-10-04 00:00:00,0.0,0.0,0.0,1.0,0,1,1.0,0.0,0.0,0.484167,0.71,0.205854,4456
2011-10-05 00:00:00,0.0,0.0,0.0,1.0,0,1,1.0,0.0,0.0,0.538333,0.647917,0.17725,4826
2011-10-06 00:00:00,0.0,0.0,0.0,1.0,0,1,1.0,0.0,0.0,0.494167,0.620833,0.134954,4765
2011-10-07 00:00:00,0.0,0.0,0.0,1.0,0,1,1.0,0.0,0.0,0.510833,0.684167,0.0223917,4985
2011-10-08 00:00:00,0.0,0.0,0.0,1.0,0,0,1.0,0.0,0.0,0.521667,0.70125,0.0454042,5409
2011-10-09 00:00:00,0.0,0.0,0.0,1.0,0,0,1.0,0.0,0.0,0.540833,0.7275,0.06345,5511
2011-10-10 00:00:00,0.0,0.0,0.0,1.0,1,0,1.0,0.0,0.0,0.570833,0.73375,0.0423042,5117
2011-10-11 00:00:00,0.0,0.0,0.0,1.0,0,1,0.0,1.0,0.0,0.566667,0.80875,0.143042,4563
2011-10-12 00:00:00,0.0,0.0,0.0,1.0,0,1,0.0,0.0,1.0,0.543333,0.90625,0.24815,2416
2011-10-13 00:00:00,0.0,0.0,0.0,1.0,0,1,0.0,1.0,0.0,0.589167,0.896667,0.141787,2913
2011-10-14 00:00:00,0.0,0.0,0.0,1.0,0,1,0.0,1.0,0.0,0.550833,0.71625,0.223883,3644
2011-10-15 00:00:00,0.0,0.0,0.0,1.0,0,0,1.0,0.0,0.0,0.506667,0.483333,0.258083,5217
2011-10-16 00:00:00,0.0,0.0,0.0,1.0,0,0,1.0,0.0,0.0,0.511667,0.486667,0.281717,5041
2011-10-17 00:00:00,0.0,0.0,0.0,1.0,0,1,1.0,0.0,0.0,0.5341670000000001,0.579583,0.175379,4570
2011-10-18 00:00:00,0.0,0.0,0.0,1.0,0,1,0.0,1.0,0.0,0.5325,0.701667,0.11008699999999999,4748
2011-10-19 00:00:00,0.0,0.0,0.0,1.0,0,1,0.0,0.0,1.0,0.5417390000000001,0.895217,0.243339,2424
2011-10-20 00:00:00,0.0,0.0,0.0,1.0,0,1,1.0,0.0,0.0,0.475833,0.63625,0.422275,4195
2011-10-21 00:00:00,0.0,0.0,0.0,1.0,0,1,1.0,0.0,0.0,0.4275,0.574167,0.221396,4304
2011-10-22 00:00:00,0.0,0.0,0.0,1.0,0,0,1.0,0.0,0.0,0.4225,0.629167,0.09266669999999999,4308
2011-10-23 00:00:00,0.0,0.0,0.0,1.0,0,0,1.0,0.0,0.0,0.421667,0.74125,0.0995125,4381
2011-10-24 00:00:00,0.0,0.0,0.0,1.0,0,1,1.0,0.0,0.0,0.463333,0.772083,0.11879200000000001,4187
2011-10-25 00:00:00,0.0,0.0,0.0,1.0,0,1,1.0,0.0,0.0,0.471667,0.622917,0.166658,4687
2011-10-26 00:00:00,0.0,0.0,0.0,1.0,0,1,0.0,1.0,0.0,0.484167,0.720417,0.148642,3894
2011-10-27 00:00:00,0.0,0.0,0.0,1.0,0,1,0.0,1.0,0.0,0.47,0.812917,0.19776300000000002,2659
2011-10-28 00:00:00,0.0,0.0,0.0,1.0,0,1,0.0,1.0,0.0,0.330833,0.585833,0.229479,3747
2011-10-29 00:00:00,0.0,0.0,0.0,1.0,0,0,0.0,0.0,1.0,0.25416700000000003,0.8825,0.351371,627
2011-10-30 00:00:00,0.0,0.0,0.0,1.0,0,0,1.0,0.0,0.0,0.31916700000000003,0.62375,0.176617,3331
2011-10-31 00:00:00,0.0,0.0,0.0,1.0,0,1,1.0,0.0,0.0,0.34,0.703333,0.10635,3669
2011-11-01 00:00:00,0.0,0.0,0.0,1.0,0,1,1.0,0.0,0.0,0.400833,0.68375,0.135571,4068
2011-11-02 00:00:00,0.0,0.0,0.0,1.0,0,1,1.0,0.0,0.0,0.3775,0.71875,0.08209169999999999,4186
2011-11-03 00:00:00,0.0,0.0,0.0,1.0,0,1,1.0,0.0,0.0,0.408333,0.702083,0.136817,3974
2011-11-04 00:00:00,0.0,0.0,0.0,1.0,0,1,0.0,1.0,0.0,0.403333,0.6225,0.271779,4046
2011-11-05 00:00:00,0.0,0.0,0.0,1.0,0,0,1.0,0.0,0.0,0.326667,23.534840471090277,0.18906199999999998,3926
2011-11-06 00:00:00,0.0,0.0,0.0,1.0,0,0,1.0,0.0,0.0,0.348333,0.734583,0.09205419999999999,3649
2011-11-07 00:00:00,0.0,0.0,0.0,1.0,0,1,1.0,0.0,0.0,0.395,0.75875,0.057225,4035
2011-11-08 00:00:00,0.0,0.0,0.0,1.0,0,1,1.0,0.0,0.0,0.408333,0.7216670000000001,0.0690375,4205
2011-11-09 00:00:00,0.0,0.0,0.0,1.0,0,1,1.0,0.0,0.0,0.4,0.758333,0.06219580000000001,4109
2011-11-10 00:00:00,0.0,0.0,0.0,1.0,0,1,0.0,1.0,0.0,0.38,0.813333,0.189067,2933
2011-11-11 00:00:00,0.0,0.0,0.0,1.0,1,0,1.0,0.0,0.0,0.324167,0.44625,0.314675,3368
2011-11-12 00:00:00,0.0,0.0,0.0,1.0,0,0,1.0,0.0,0.0,0.356667,0.552917,0.212062,4067
2011-11-13 00:00:00,0.0,0.0,0.0,1.0,0,0,1.0,0.0,0.0,0.440833,0.458333,0.281721,3717
2011-11-14 00:00:00,0.0,0.0,0.0,1.0,0,1,1.0,0.0,0.0,0.53,0.587083,0.306596,4486
2011-11-15 00:00:00,0.0,0.0,0.0,1.0,0,1,0.0,1.0,0.0,0.53,0.68875,0.199633,4195
2011-11-16 00:00:00,0.0,0.0,0.0,1.0,0,1,0.0,0.0,1.0,0.456667,0.93,0.136829,1817
2011-11-17 00:00:00,0.0,0.0,0.0,1.0,0,1,0.0,1.0,0.0,0.341667,0.575833,0.30536199999999997,3053
2011-11-18 00:00:00,0.0,0.0,0.0,1.0,0,1,1.0,0.0,0.0,0.274167,0.41,0.168533,3392
2011-11-19 00:00:00,0.0,0.0,0.0,1.0,0,0,1.0,0.0,0.0,0.329167,0.502083,0.224496,3663
2011-11-20 00:00:00,0.0,0.0,0.0,1.0,0,0,0.0,1.0,0.0,0.463333,0.6845829999999999,0.18595,3520
2011-11-21 00:00:00,0.0,0.0,0.0,1.0,0,1,0.0,0.0,1.0,0.4475,0.91,0.138054,2765
2011-11-22 00:00:00,0.0,0.0,0.0,1.0,0,1,0.0,0.0,1.0,0.416667,0.9625,0.11879200000000001,1607
2011-11-23 00:00:00,0.0,0.0,0.0,1.0,0,1,0.0,1.0,0.0,0.440833,0.757917,0.335825,2566
2011-11-24 00:00:00,0.0,0.0,0.0,1.0,1,0,1.0,0.0,0.0,0.37333299999999997,0.549167,0.167304,1495
2011-11-25 00:00:00,0.0,0.0,0.0,1.0,0,1,1.0,0.0,0.0,0.375,0.64375,0.0988958,2792
2011-11-26 00:00:00,0.0,0.0,0.0,1.0,0,0,1.0,0.0,0.0,0.375833,0.681667,0.0684208,3068
2011-11-27 00:00:00,0.0,0.0,0.0,1.0,0,0,1.0,0.0,0.0,0.459167,0.698333,0.208954,3071
2011-11-28 00:00:00,0.0,0.0,0.0,1.0,0,1,1.0,0.0,0.0,0.503478,0.743043,0.142122,3867
2011-11-29 00:00:00,0.0,0.0,0.0,1.0,0,1,0.0,1.0,0.0,0.458333,0.830833,0.258092,2914
2011-11-30 00:00:00,0.0,0.0,0.0,1.0,0,1,1.0,0.0,0.0,0.325,0.613333,0.271158,3613
2011-12-01 00:00:00,0.0,0.0,0.0,1.0,0,1,1.0,0.0,0.0,0.3125,0.524583,0.220158,3727
2011-12-02 00:00:00,0.0,0.0,0.0,1.0,0,1,1.0,0.0,0.0,0.31416700000000003,0.625833,0.100754,3940
2011-12-03 00:00:00,0.0,0.0,0.0,1.0,0,0,1.0,0.0,0.0,0.299167,0.612917,0.0957833,3614
2011-12-04 00:00:00,0.0,0.0,0.0,1.0,0,0,1.0,0.0,0.0,0.330833,0.775833,0.08395830000000001,3485
2011-12-05 00:00:00,0.0,0.0,0.0,1.0,0,1,0.0,1.0,0.0,0.385833,0.827083,0.06220830000000001,3811
2011-12-06 00:00:00,0.0,0.0,0.0,1.0,0,1,0.0,0.0,1.0,0.4625,0.949583,0.23258299999999998,2594
2011-12-07 00:00:00,0.0,0.0,0.0,1.0,0,1,0.0,0.0,1.0,0.41,0.970417,0.266175,705
2011-12-08 00:00:00,0.0,0.0,0.0,1.0,0,1,1.0,0.0,0.0,0.265833,0.58,0.240058,3322
2011-12-09 00:00:00,0.0,0.0,0.0,1.0,0,1,1.0,0.0,0.0,0.290833,0.695833,0.08271669999999999,3620
2011-12-10 00:00:00,0.0,0.0,0.0,1.0,0,0,1.0,0.0,0.0,0.275,0.5075,0.233221,3190
2011-12-11 00:00:00,0.0,0.0,0.0,1.0,0,0,1.0,0.0,0.0,0.220833,0.49,0.0665417,2743
2011-12-12 00:00:00,0.0,0.0,0.0,1.0,0,1,1.0,0.0,0.0,0.238333,0.670833,0.06345,3310
2011-12-13 00:00:00,0.0,0.0,0.0,1.0,0,1,1.0,0.0,0.0,0.2825,0.59,0.14055,3523
2011-12-14 00:00:00,0.0,0.0,0.0,1.0,0,1,0.0,1.0,0.0,0.3175,0.66375,0.06095830000000001,3740
2011-12-15 00:00:00,0.0,0.0,0.0,1.0,0,1,0.0,1.0,0.0,0.4225,0.634167,0.268042,3709
2011-12-16 00:00:00,0.0,0.0,0.0,1.0,0,1,0.0,1.0,0.0,0.375,0.500417,0.260575,3577
2011-12-17 00:00:00,0.0,0.0,0.0,1.0,0,0,0.0,1.0,0.0,0.258333,0.560833,0.243167,2739
2011-12-18 00:00:00,0.0,0.0,0.0,1.0,0,0,1.0,0.0,0.0,0.238333,0.58625,0.16977899999999999,2431
2011-12-19 00:00:00,0.0,0.0,0.0,1.0,0,1,1.0,0.0,0.0,0.276667,0.6375,0.172896,3403
2011-12-20 00:00:00,0.0,0.0,0.0,1.0,0,1,0.0,1.0,0.0,0.385833,0.595417,0.06157080000000001,3750
2011-12-21 00:00:00,1.0,0.0,0.0,0.0,0,1,0.0,1.0,0.0,0.428333,0.858333,0.2214,2660
2011-12-22 00:00:00,1.0,0.0,0.0,0.0,0,1,0.0,1.0,0.0,0.423333,0.7575,0.047275,3068
2011-12-23 00:00:00,1.0,0.0,0.0,0.0,0,1,1.0,0.0,0.0,0.37333299999999997,0.68625,0.274246,2209
2011-12-24 00:00:00,1.0,0.0,0.0,0.0,0,0,1.0,0.0,0.0,0.3025,0.5425,0.190304,1011
2011-12-25 00:00:00,1.0,0.0,0.0,0.0,0,0,1.0,0.0,0.0,0.274783,0.681304,0.155091,754
2011-12-26 00:00:00,1.0,0.0,0.0,0.0,1,0,1.0,0.0,0.0,0.321739,0.506957,0.239465,1317
2011-12-27 00:00:00,1.0,0.0,0.0,0.0,0,1,0.0,1.0,0.0,0.325,0.7625,0.18845,1162
2011-12-28 00:00:00,1.0,0.0,0.0,0.0,0,1,1.0,0.0,0.0,0.29913,0.503913,0.29396100000000003,2302
2011-12-29 00:00:00,1.0,0.0,0.0,0.0,0,1,1.0,0.0,0.0,0.248333,0.574167,0.11941199999999999,2423
2011-12-30 00:00:00,1.0,0.0,0.0,0.0,0,1,1.0,0.0,0.0,0.311667,0.636667,0.13433699999999998,2999
2011-12-31 00:00:00,1.0,0.0,0.0,0.0,0,0,1.0,0.0,0.0,0.41,0.615833,0.220154,2485
2012-01-01 00:00:00,1.0,0.0,0.0,0.0,0,0,1.0,0.0,0.0,0.37,0.6925,0.192167,2294
2012-01-02 00:00:00,1.0,0.0,0.0,0.0,1,0,1.0,0.0,0.0,0.273043,0.381304,0.329665,1951
2012-01-03 00:00:00,1.0,0.0,0.0,0.0,0,1,1.0,0.0,0.0,0.15,0.44125,0.365671,2236
2012-01-04 00:00:00,1.0,0.0,0.0,0.0,0,1,0.0,1.0,0.0,0.1075,0.414583,0.1847,2368
2012-01-05 00:00:00,1.0,0.0,0.0,0.0,0,1,1.0,0.0,0.0,0.265833,0.524167,0.129987,3272
2012-01-06 00:00:00,1.0,0.0,0.0,0.0,0,1,1.0,0.0,0.0,0.334167,0.542083,0.167908,4098
2012-01-07 00:00:00,1.0,0.0,0.0,0.0,0,0,1.0,0.0,0.0,0.393333,0.531667,0.174758,4521
2012-01-08 00:00:00,1.0,0.0,0.0,0.0,0,0,1.0,0.0,0.0,0.3375,0.465,0.19154200000000002,3425
2012-01-09 00:00:00,1.0,0.0,0.0,0.0,0,1,0.0,1.0,0.0,0.224167,0.701667,0.0989,2376
2012-01-10 00:00:00,1.0,0.0,0.0,0.0,0,1,1.0,0.0,0.0,0.308696,0.646522,0.187552,3598
2012-01-11 00:00:00,1.0,0.0,0.0,0.0,0,1,0.0,1.0,0.0,0.274167,0.8475,0.131221,2177
2012-01-12 00:00:00,1.0,0.0,0.0,0.0,0,1,0.0,1.0,0.0,0.3825,0.802917,0.18096700000000002,4097
2012-01-13 00:00:00,1.0,0.0,0.0,0.0,0,1,1.0,0.0,0.0,0.274167,0.5075,0.378108,3214
2012-01-14 00:00:00,1.0,0.0,0.0,0.0,0,0,1.0,0.0,0.0,0.18,0.4575,0.187183,2493
2012-01-15 00:00:00,1.0,0.0,0.0,0.0,0,0,1.0,0.0,0.0,0.166667,0.419167,0.251258,2311
2012-01-16 00:00:00,1.0,0.0,0.0,0.0,1,0,1.0,0.0,0.0,0.19,0.5225,0.23135799999999998,2298
2012-01-17 00:00:00,1.0,0.0,0.0,0.0,0,1,0.0,1.0,0.0,0.37304299999999996,0.716087,0.34913,2935
2012-01-18 00:00:00,1.0,0.0,0.0,0.0,0,1,1.0,0.0,0.0,0.303333,0.443333,0.415429,3376
2012-01-19 00:00:00,1.0,0.0,0.0,0.0,0,1,1.0,0.0,0.0,0.19,0.4975,0.220158,3292
2012-01-20 00:00:00,1.0,0.0,0.0,0.0,0,1,0.0,1.0,0.0,0.2175,0.45,0.20275,3163
2012-01-21 00:00:00,1.0,0.0,0.0,0.0,0,0,0.0,1.0,0.0,0.173333,0.83125,0.222642,1301
2012-01-22 00:00:00,1.0,0.0,0.0,0.0,0,0,0.0,1.0,0.0,0.1625,0.79625,0.199638,1977
2012-01-23 00:00:00,1.0,0.0,0.0,0.0,0,1,0.0,1.0,0.0,0.218333,0.91125,0.11070799999999999,2432
2012-01-24 00:00:00,1.0,0.0,0.0,0.0,0,1,1.0,0.0,0.0,0.3425,0.835833,0.123767,4339
2012-01-25 00:00:00,1.0,0.0,0.0,0.0,0,1,1.0,0.0,0.0,0.294167,0.64375,0.161071,4270
2012-01-26 00:00:00,1.0,0.0,0.0,0.0,0,1,0.0,1.0,0.0,0.341667,0.769583,0.07339580000000001,4075
2012-01-27 00:00:00,1.0,0.0,0.0,0.0,0,1,0.0,1.0,0.0,0.425,0.74125,0.342667,3456
2012-01-28 00:00:00,1.0,0.0,0.0,0.0,0,0,1.0,0.0,0.0,0.315833,0.543333,0.210829,4023
2012-01-29 00:00:00,1.0,0.0,0.0,0.0,0,0,1.0,0.0,0.0,0.2825,0.31125,0.24005,3243
2012-01-30 00:00:00,1.0,0.0,0.0,0.0,0,1,1.0,0.0,0.0,0.269167,0.400833,0.215792,3624
2012-01-31 00:00:00,1.0,0.0,0.0,0.0,0,1,1.0,0.0,0.0,0.39,0.416667,0.261817,4509
2012-02-01 00:00:00,1.0,0.0,0.0,0.0,0,1,1.0,0.0,0.0,0.469167,0.507917,0.189067,4579
2012-02-02 00:00:00,1.0,0.0,0.0,0.0,0,1,0.0,1.0,0.0,0.399167,0.672917,0.187187,3761
2012-02-03 00:00:00,1.0,0.0,0.0,0.0,0,1,1.0,0.0,0.0,0.313333,0.526667,0.17849600000000002,4151
2012-02-04 00:00:00,1.0,0.0,0.0,0.0,0,0,0.0,1.0,0.0,0.264167,0.779583,0.121896,2832
2012-02-05 00:00:00,1.0,0.0,0.0,0.0,0,0,0.0,1.0,0.0,0.265833,0.687917,0.175996,2947
2012-02-06 00:00:00,1.0,0.0,0.0,0.0,0,1,1.0,0.0,0.0,0.282609,0.622174,0.1538,3784
2012-02-07 00:00:00,1.0,0.0,0.0,0.0,0,1,1.0,0.0,0.0,0.354167,0.49625,0.147379,4375
2012-02-08 00:00:00,1.0,0.0,0.0,0.0,0,1,0.0,1.0,0.0,0.25666700000000003,0.722917,0.133721,2802
2012-02-09 00:00:00,1.0,0.0,0.0,0.0,0,1,1.0,0.0,0.0,0.265,0.562083,0.194037,3830
2012-02-10 00:00:00,1.0,0.0,0.0,0.0,0,1,0.0,1.0,0.0,0.280833,0.54,0.11692899999999999,3831
2012-02-11 00:00:00,1.0,0.0,0.0,0.0,0,0,0.0,0.0,1.0,0.224167,0.73125,0.289796,2169
2012-02-12 00:00:00,1.0,0.0,0.0,0.0,0,0,1.0,0.0,0.0,0.1275,0.46458299999999997,0.40921199999999996,1529
2012-02-13 00:00:00,1.0,0.0,0.0,0.0,0,1,1.0,0.0,0.0,0.2225,0.41125,0.167283,3422
2012-02-14 00:00:00,1.0,0.0,0.0,0.0,0,1,0.0,1.0,0.0,0.31916700000000003,0.50875,0.141179,3922
2012-02-15 00:00:00,1.0,0.0,0.0,0.0,0,1,1.0,0.0,0.0,0.348333,0.53125,0.1816,4169
2012-02-16 00:00:00,1.0,0.0,0.0,0.0,0,1,0.0,1.0,0.0,0.31666700000000003,0.7529170000000001,0.091425,3005
2012-02-17 00:00:00,1.0,0.0,0.0,0.0,0,1,1.0,0.0,0.0,0.343333,0.634583,0.205846,4154
2012-02-18 00:00:00,1.0,0.0,0.0,0.0,0,0,1.0,0.0,0.0,0.346667,0.534583,0.190929,4318
2012-02-19 00:00:00,1.0,0.0,0.0,0.0,0,0,0.0,1.0,0.0,0.28,0.515833,0.253112,2689
2012-02-20 00:00:00,1.0,0.0,0.0,0.0,1,0,1.0,0.0,0.0,0.28,0.507826,0.22908299999999998,3129
2012-02-21 00:00:00,1.0,0.0,0.0,0.0,0,1,1.0,0.0,0.0,0.287826,0.594348,0.205717,3777
2012-02-22 00:00:00,1.0,0.0,0.0,0.0,0,1,1.0,0.0,0.0,0.395833,0.567917,0.234471,4773
2012-02-23 00:00:00,1.0,0.0,0.0,0.0,0,1,1.0,0.0,0.0,0.454167,0.554583,0.190913,5062
2012-02-24 00:00:00,1.0,0.0,0.0,0.0,0,1,0.0,1.0,0.0,0.4075,0.7375,0.237567,3487
2012-02-25 00:00:00,1.0,0.0,0.0,0.0,0,0,1.0,0.0,0.0,0.290833,0.395833,0.421642,2732
2012-02-26 00:00:00,1.0,0.0,0.0,0.0,0,0,1.0,0.0,0.0,0.279167,0.41,0.205229,3389
2012-02-27 00:00:00,1.0,0.0,0.0,0.0,0,1,1.0,0.0,0.0,0.366667,0.490833,0.26803299999999997,4322
2012-02-28 00:00:00,1.0,0.0,0.0,0.0,0,1,1.0,0.0,0.0,0.359167,0.395833,0.193417,4363
2012-02-29 00:00:00,1.0,0.0,0.0,0.0,0,1,0.0,1.0,0.0,0.344348,0.804783,0.179117,1834
2012-03-01 00:00:00,1.0,0.0,0.0,0.0,0,1,1.0,0.0,0.0,0.485833,0.615417,0.226987,4990
2012-03-02 00:00:00,1.0,0.0,0.0,0.0,0,1,0.0,1.0,0.0,0.353333,0.657083,0.144904,3194
2012-03-03 00:00:00,1.0,0.0,0.0,0.0,0,0,0.0,1.0,0.0,0.414167,0.62125,0.161079,4066
2012-03-04 00:00:00,1.0,0.0,0.0,0.0,0,0,1.0,0.0,0.0,0.325833,0.403333,0.334571,3423
2012-03-05 00:00:00,1.0,0.0,0.0,0.0,0,1,1.0,0.0,0.0,0.243333,0.50625,0.228858,3333
2012-03-06 00:00:00,1.0,0.0,0.0,0.0,0,1,1.0,0.0,0.0,0.258333,0.456667,0.200875,3956
2012-03-07 00:00:00,1.0,0.0,0.0,0.0,0,1,1.0,0.0,0.0,0.404167,0.513333,0.345779,4916
2012-03-08 00:00:00,1.0,0.0,0.0,0.0,0,1,1.0,0.0,0.0,0.5275,0.5675,0.441563,5382
2012-03-09 00:00:00,1.0,0.0,0.0,0.0,0,1,0.0,1.0,0.0,0.410833,0.407083,0.4148,4569
2012-03-10 00:00:00,1.0,0.0,0.0,0.0,0,0,1.0,0.0,0.0,0.2875,0.35041700000000003,0.22575,4118
2012-03-11 00:00:00,1.0,0.0,0.0,0.0,0,0,1.0,0.0,0.0,0.361739,22.29848026573591,0.22258699999999998,4911
2012-03-12 00:00:00,1.0,0.0,0.0,0.0,0,1,1.0,0.0,0.0,0.466667,0.489167,0.207713,5298
2012-03-13 00:00:00,1.0,0.0,0.0,0.0,0,1,1.0,0.0,0.0,0.565,0.6175,0.23695,5847
2012-03-14 00:00:00,1.0,0.0,0.0,0.0,0,1,1.0,0.0,0.0,0.5725,0.507083,0.11506199999999998,6312
2012-03-15 00:00:00,1.0,0.0,0.0,0.0,0,1,1.0,0.0,0.0,0.5575,0.579583,0.149883,6192
2012-03-16 00:00:00,1.0,0.0,0.0,0.0,0,1,0.0,1.0,0.0,0.43583299999999997,0.842083,0.113192,4378
2012-03-17 00:00:00,1.0,0.0,0.0,0.0,0,0,0.0,1.0,0.0,0.514167,0.755833,0.110704,7836
2012-03-18 00:00:00,1.0,0.0,0.0,0.0,0,0,0.0,1.0,0.0,0.4725,0.81,0.126883,5892
2012-03-19 00:00:00,1.0,0.0,0.0,0.0,0,1,1.0,0.0,0.0,0.545,0.72875,0.16231700000000002,6153
2012-03-20 00:00:00,1.0,0.0,0.0,0.0,0,1,1.0,0.0,0.0,0.560833,0.807917,0.121271,6093
2012-03-21 00:00:00,0.0,1.0,0.0,0.0,0,1,0.0,1.0,0.0,0.531667,0.82125,0.08955830000000001,6230
2012-03-22 00:00:00,0.0,1.0,0.0,0.0,0,1,1.0,0.0,0.0,0.554167,0.83125,0.11756199999999999,6871
2012-03-23 00:00:00,0.0,1.0,0.0,0.0,0,1,0.0,1.0,0.0,0.601667,0.694167,0.1163,8362
2012-03-24 00:00:00,0.0,1.0,0.0,0.0,0,0,0.0,1.0,0.0,0.5025,0.885417,0.19278299999999998,3372
2012-03-25 00:00:00,0.0,1.0,0.0,0.0,0,0,0.0,1.0,0.0,0.4375,0.880833,0.220775,4996
2012-03-26 00:00:00,0.0,1.0,0.0,0.0,0,1,1.0,0.0,0.0,0.445833,0.477917,0.386821,5558
2012-03-27 00:00:00,0.0,1.0,0.0,0.0,0,1,1.0,0.0,0.0,0.323333,0.29,0.187192,5102
2012-03-28 00:00:00,0.0,1.0,0.0,0.0,0,1,1.0,0.0,0.0,0.484167,0.48125,0.291671,5698
2012-03-29 00:00:00,0.0,1.0,0.0,0.0,0,1,1.0,0.0,0.0,0.494167,0.43916700000000003,0.31965,6133
2012-03-30 00:00:00,0.0,1.0,0.0,0.0,0,1,0.0,1.0,0.0,0.37,0.580833,0.138067,5459
2012-03-31 00:00:00,0.0,1.0,0.0,0.0,0,0,0.0,1.0,0.0,0.424167,0.738333,0.25061700000000003,6235
2012-04-01 00:00:00,0.0,1.0,0.0,0.0,0,0,0.0,1.0,0.0,0.425833,0.67625,0.172267,6041
2012-04-02 00:00:00,0.0,1.0,0.0,0.0,0,1,1.0,0.0,0.0,0.433913,0.5043479999999999,0.312139,5936
2012-04-03 00:00:00,0.0,1.0,0.0,0.0,0,1,1.0,0.0,0.0,0.466667,0.396667,0.100133,6772
2012-04-04 00:00:00,0.0,1.0,0.0,0.0,0,1,1.0,0.0,0.0,0.541667,0.469583,0.180975,6436
2012-04-05 00:00:00,0.0,1.0,0.0,0.0,0,1,1.0,0.0,0.0,0.435,0.374167,0.219529,6457
2012-04-06 00:00:00,0.0,1.0,0.0,0.0,0,1,1.0,0.0,0.0,0.403333,0.377083,0.300388,6460
2012-04-07 00:00:00,0.0,1.0,0.0,0.0,0,0,1.0,0.0,0.0,0.4375,0.25416700000000003,0.274871,6857
2012-04-08 00:00:00,0.0,1.0,0.0,0.0,0,0,1.0,0.0,0.0,0.5,0.275833,0.232596,5169
2012-04-09 00:00:00,0.0,1.0,0.0,0.0,0,1,1.0,0.0,0.0,0.489167,0.3175,0.358196,5585
2012-04-10 00:00:00,0.0,1.0,0.0,0.0,0,1,1.0,0.0,0.0,0.446667,0.435,0.249375,5918
2012-04-11 00:00:00,0.0,1.0,0.0,0.0,0,1,1.0,0.0,0.0,0.348696,0.46956499999999995,0.295274,4862
2012-04-12 00:00:00,0.0,1.0,0.0,0.0,0,1,1.0,0.0,0.0,0.3975,0.46625,0.290429,5409
2012-04-13 00:00:00,0.0,1.0,0.0,0.0,0,1,1.0,0.0,0.0,0.4425,0.408333,0.155471,6398
2012-04-14 00:00:00,0.0,1.0,0.0,0.0,0,0,1.0,0.0,0.0,0.495,0.5029170000000001,0.190917,7460
2012-04-15 00:00:00,0.0,1.0,0.0,0.0,0,0,1.0,0.0,0.0,0.606667,0.507917,0.225129,7132
2012-04-16 00:00:00,0.0,1.0,0.0,0.0,1,0,1.0,0.0,0.0,0.664167,0.561667,0.284829,6370
2012-04-17 00:00:00,0.0,1.0,0.0,0.0,0,1,1.0,0.0,0.0,0.608333,0.390417,0.273629,6691
2012-04-18 00:00:00,0.0,1.0,0.0,0.0,0,1,0.0,1.0,0.0,0.463333,0.569167,0.16791199999999998,4367
2012-04-19 00:00:00,0.0,1.0,0.0,0.0,0,1,1.0,0.0,0.0,0.49833299999999997,0.6125,0.0659292,6565
2012-04-20 00:00:00,0.0,1.0,0.0,0.0,0,1,1.0,0.0,0.0,0.526667,0.694583,0.149871,7290
2012-04-21 00:00:00,0.0,1.0,0.0,0.0,0,0,1.0,0.0,0.0,0.57,0.682917,0.283587,6624
2012-04-22 00:00:00,0.0,1.0,0.0,0.0,0,0,0.0,0.0,1.0,0.396667,0.835417,0.344546,1027
2012-04-23 00:00:00,0.0,1.0,0.0,0.0,0,1,0.0,1.0,0.0,0.321667,0.766667,0.303496,3214
2012-04-24 00:00:00,0.0,1.0,0.0,0.0,0,1,1.0,0.0,0.0,0.413333,0.454167,0.249383,5633
2012-04-25 00:00:00,0.0,1.0,0.0,0.0,0,1,1.0,0.0,0.0,0.476667,0.427917,0.11879200000000001,6196
2012-04-26 00:00:00,0.0,1.0,0.0,0.0,0,1,0.0,1.0,0.0,0.49833299999999997,0.756667,0.176625,5026
2012-04-27 00:00:00,0.0,1.0,0.0,0.0,0,1,1.0,0.0,0.0,0.4575,0.400833,0.34763299999999997,6233
2012-04-28 00:00:00,0.0,1.0,0.0,0.0,0,0,0.0,1.0,0.0,0.37666700000000003,0.489583,0.129975,4220
2012-04-29 00:00:00,0.0,1.0,0.0,0.0,0,0,1.0,0.0,0.0,0.458333,0.587083,0.116908,6304
2012-04-30 00:00:00,0.0,1.0,0.0,0.0,0,1,0.0,1.0,0.0,0.464167,0.57,0.171638,5572
2012-05-01 00:00:00,0.0,1.0,0.0,0.0,0,1,0.0,1.0,0.0,0.613333,0.659583,0.156096,5740
2012-05-02 00:00:00,0.0,1.0,0.0,0.0,0,1,1.0,0.0,0.0,0.564167,0.797083,0.138058,6169
2012-05-03 00:00:00,0.0,1.0,0.0,0.0,0,1,0.0,1.0,0.0,0.56,0.768333,0.133696,6421
2012-05-04 00:00:00,0.0,1.0,0.0,0.0,0,1,1.0,0.0,0.0,0.6275,0.735417,0.162938,6296
2012-05-05 00:00:00,0.0,1.0,0.0,0.0,0,0,0.0,1.0,0.0,0.621667,0.756667,0.15299200000000002,6883
2012-05-06 00:00:00,0.0,1.0,0.0,0.0,0,0,0.0,1.0,0.0,0.5625,0.74,0.14987899999999998,6359
2012-05-07 00:00:00,0.0,1.0,0.0,0.0,0,1,0.0,1.0,0.0,0.5375,0.664167,0.230721,6273
2012-05-08 00:00:00,0.0,1.0,0.0,0.0,0,1,0.0,1.0,0.0,0.581667,0.685833,0.296029,5728
2012-05-09 00:00:00,0.0,1.0,0.0,0.0,0,1,0.0,1.0,0.0,0.575,0.744167,0.216412,4717
2012-05-10 00:00:00,0.0,1.0,0.0,0.0,0,1,1.0,0.0,0.0,0.505833,0.552083,0.31406300000000004,6572
2012-05-11 00:00:00,0.0,1.0,0.0,0.0,0,1,1.0,0.0,0.0,0.533333,0.360417,0.23693699999999998,7030
2012-05-12 00:00:00,0.0,1.0,0.0,0.0,0,0,1.0,0.0,0.0,0.564167,0.480417,0.12313299999999999,7429
2012-05-13 00:00:00,0.0,1.0,0.0,0.0,0,0,1.0,0.0,0.0,0.6125,30.76098822079304,0.225117,6118
2012-05-14 00:00:00,0.0,1.0,0.0,0.0,0,1,0.0,1.0,0.0,0.573333,0.789583,0.21269200000000002,2843
2012-05-15 00:00:00,0.0,1.0,0.0,0.0,0,1,0.0,1.0,0.0,0.611667,0.794583,0.147392,5115
2012-05-16 00:00:00,0.0,1.0,0.0,0.0,0,1,1.0,0.0,0.0,0.636667,0.697917,0.122512,7424
2012-05-17 00:00:00,0.0,1.0,0.0,0.0,0,1,1.0,0.0,0.0,0.593333,0.52,0.229475,7384
2012-05-18 00:00:00,0.0,1.0,0.0,0.0,0,1,1.0,0.0,0.0,0.564167,0.523333,0.136817,7639
2012-05-19 00:00:00,0.0,1.0,0.0,0.0,0,0,1.0,0.0,0.0,0.6,0.45625,0.083975,8294
2012-05-20 00:00:00,0.0,1.0,0.0,0.0,0,0,1.0,0.0,0.0,0.620833,0.530417,0.254367,7129
2012-05-21 00:00:00,0.0,1.0,0.0,0.0,0,1,0.0,1.0,0.0,0.598333,0.81125,0.233204,4359
2012-05-22 00:00:00,0.0,1.0,0.0,0.0,0,1,0.0,1.0,0.0,0.615,0.765833,0.11816700000000001,6073
2012-05-23 00:00:00,0.0,1.0,0.0,0.0,0,1,0.0,1.0,0.0,0.621667,0.774583,0.102,5260
2012-05-24 00:00:00,0.0,1.0,0.0,0.0,0,1,1.0,0.0,0.0,0.655,0.716667,0.172896,6770
2012-05-25 00:00:00,0.0,1.0,0.0,0.0,0,1,1.0,0.0,0.0,0.68,0.7470829999999999,0.14055,6734
2012-05-26 00:00:00,0.0,1.0,0.0,0.0,0,0,1.0,0.0,0.0,0.6925,0.7325,0.198992,6536
2012-05-27 00:00:00,0.0,1.0,0.0,0.0,0,0,1.0,0.0,0.0,0.69,0.697083,0.215171,6591
2012-05-28 00:00:00,0.0,1.0,0.0,0.0,1,0,1.0,0.0,0.0,0.7125,0.67625,0.196521,6043
2012-05-29 00:00:00,0.0,1.0,0.0,0.0,0,1,1.0,0.0,0.0,0.7225,0.6845829999999999,0.2954,5743
2012-05-30 00:00:00,0.0,1.0,0.0,0.0,0,1,0.0,1.0,0.0,0.656667,0.67,0.134329,6855
2012-05-31 00:00:00,0.0,1.0,0.0,0.0,0,1,1.0,0.0,0.0,0.68,0.492917,0.195279,7338
2012-06-01 00:00:00,0.0,1.0,0.0,0.0,0,1,0.0,1.0,0.0,0.654167,0.755417,0.23756300000000002,4127
2012-06-02 00:00:00,0.0,1.0,0.0,0.0,0,0,1.0,0.0,0.0,0.583333,0.549167,0.18656199999999998,8120
2012-06-03 00:00:00,0.0,1.0,0.0,0.0,0,0,1.0,0.0,0.0,0.6025,0.49333299999999997,0.184087,7641
2012-06-04 00:00:00,0.0,1.0,0.0,0.0,0,1,1.0,0.0,0.0,0.5975,0.487083,0.284833,6998
2012-06-05 00:00:00,0.0,1.0,0.0,0.0,0,1,0.0,1.0,0.0,0.540833,0.613333,0.209575,7001
2012-06-06 00:00:00,0.0,1.0,0.0,0.0,0,1,1.0,0.0,0.0,0.554167,0.61125,0.077125,7055
2012-06-07 00:00:00,0.0,1.0,0.0,0.0,0,1,1.0,0.0,0.0,0.6025,0.567083,0.15735,7494
2012-06-08 00:00:00,0.0,1.0,0.0,0.0,0,1,1.0,0.0,0.0,0.649167,0.467917,0.17538299999999998,7736
2012-06-09 00:00:00,0.0,1.0,0.0,0.0,0,0,1.0,0.0,0.0,0.710833,0.437083,0.144287,7498
2012-06-10 00:00:00,0.0,1.0,0.0,0.0,0,0,1.0,0.0,0.0,0.726667,0.538333,0.133721,6598
2012-06-11 00:00:00,0.0,1.0,0.0,0.0,0,1,0.0,1.0,0.0,0.720833,0.587917,0.207713,6664
2012-06-12 00:00:00,0.0,1.0,0.0,0.0,0,1,0.0,1.0,0.0,0.6533329999999999,0.833333,0.21454600000000001,4972
2012-06-13 00:00:00,0.0,1.0,0.0,0.0,0,1,1.0,0.0,0.0,0.655833,0.582083,0.343279,7421
2012-06-14 00:00:00,0.0,1.0,0.0,0.0,0,1,1.0,0.0,0.0,0.648333,0.569583,0.253733,7363
2012-06-15 00:00:00,0.0,1.0,0.0,0.0,0,1,1.0,0.0,0.0,0.639167,0.589583,0.176617,7665
2012-06-16 00:00:00,0.0,1.0,0.0,0.0,0,0,1.0,0.0,0.0,0.631667,0.504167,0.166667,7702
2012-06-17 00:00:00,0.0,1.0,0.0,0.0,0,0,1.0,0.0,0.0,0.5925,0.59875,0.144904,6978
2012-06-18 00:00:00,0.0,1.0,0.0,0.0,0,1,0.0,1.0,0.0,0.568333,0.777917,0.174746,5099
2012-06-19 00:00:00,0.0,1.0,0.0,0.0,0,1,1.0,0.0,0.0,0.688333,0.69,0.148017,6825
2012-06-20 00:00:00,0.0,1.0,0.0,0.0,0,1,1.0,0.0,0.0,0.7825,0.592083,0.11381199999999998,6211
2012-06-21 00:00:00,0.0,0.0,1.0,0.0,0,1,1.0,0.0,0.0,0.805833,0.567917,0.11878699999999999,5905
2012-06-22 00:00:00,0.0,0.0,1.0,0.0,0,1,1.0,0.0,0.0,0.7775,0.57375,0.182842,5823
2012-06-23 00:00:00,0.0,0.0,1.0,0.0,0,0,1.0,0.0,0.0,0.731667,0.534583,0.179721,7458
2012-06-24 00:00:00,0.0,0.0,1.0,0.0,0,0,1.0,0.0,0.0,0.743333,0.479167,0.145525,6891
2012-06-25 00:00:00,0.0,0.0,1.0,0.0,0,1,1.0,0.0,0.0,0.7158329999999999,0.504167,0.300383,6779
2012-06-26 00:00:00,0.0,0.0,1.0,0.0,0,1,1.0,0.0,0.0,0.630833,0.37333299999999997,0.347642,7442
2012-06-27 00:00:00,0.0,0.0,1.0,0.0,0,1,1.0,0.0,0.0,0.6975,0.36,0.271775,7335
2012-06-28 00:00:00,0.0,0.0,1.0,0.0,0,1,1.0,0.0,0.0,0.749167,0.4225,0.17165,6879
2012-06-29 00:00:00,0.0,0.0,1.0,0.0,0,1,1.0,0.0,0.0,0.834167,0.48875,0.165417,5463
2012-06-30 00:00:00,0.0,0.0,1.0,0.0,0,0,1.0,0.0,0.0,0.765,0.60125,0.161071,5687
2012-07-01 00:00:00,0.0,0.0,1.0,0.0,0,0,1.0,0.0,0.0,0.815833,0.51875,0.16852899999999998,5531
2012-07-02 00:00:00,0.0,0.0,1.0,0.0,0,1,1.0,0.0,0.0,0.781667,0.447083,0.195267,6227
2012-07-03 00:00:00,0.0,0.0,1.0,0.0,0,1,1.0,0.0,0.0,0.780833,0.492083,0.126237,6660
2012-07-04 00:00:00,0.0,0.0,1.0,0.0,1,0,1.0,0.0,0.0,0.789167,0.53875,0.13495,7403
2012-07-05 00:00:00,0.0,0.0,1.0,0.0,0,1,1.0,0.0,0.0,0.8275,0.457917,0.194029,6241
2012-07-06 00:00:00,0.0,0.0,1.0,0.0,0,1,1.0,0.0,0.0,0.828333,0.450833,0.146142,6207
2012-07-07 00:00:00,0.0,0.0,1.0,0.0,0,0,1.0,0.0,0.0,0.861667,0.492083,0.163554,4840
2012-07-08 00:00:00,0.0,0.0,1.0,0.0,0,0,1.0,0.0,0.0,0.8225,0.57375,0.125629,4672
2012-07-09 00:00:00,0.0,0.0,1.0,0.0,0,1,0.0,1.0,0.0,0.710833,0.683333,0.180975,6569
2012-07-10 00:00:00,0.0,0.0,1.0,0.0,0,1,0.0,1.0,0.0,0.720833,0.6675,0.15173699999999998,6290
2012-07-11 00:00:00,0.0,0.0,1.0,0.0,0,1,1.0,0.0,0.0,0.716667,0.633333,0.15173299999999998,7264
2012-07-12 00:00:00,0.0,0.0,1.0,0.0,0,1,1.0,0.0,0.0,0.7158329999999999,0.529583,0.146775,7446
2012-07-13 00:00:00,0.0,0.0,1.0,0.0,0,1,0.0,1.0,0.0,0.731667,0.485833,0.08085,7499
2012-07-14 00:00:00,0.0,0.0,1.0,0.0,0,0,0.0,1.0,0.0,0.703333,0.699167,0.143679,6969
2012-07-15 00:00:00,0.0,0.0,1.0,0.0,0,0,1.0,0.0,0.0,0.745833,0.717917,0.166667,6031
2012-07-16 00:00:00,0.0,0.0,1.0,0.0,0,1,1.0,0.0,0.0,0.763333,0.645,0.164187,6830
2012-07-17 00:00:00,0.0,0.0,1.0,0.0,0,1,1.0,0.0,0.0,0.818333,0.505833,0.114429,6786
2012-07-18 00:00:00,0.0,0.0,1.0,0.0,0,1,1.0,0.0,0.0,0.793333,31.798050316867915,0.137442,5713
2012-07-19 00:00:00,0.0,0.0,1.0,0.0,0,1,1.0,0.0,0.0,0.77,0.600417,0.165429,6591
2012-07-20 00:00:00,0.0,0.0,1.0,0.0,0,1,0.0,1.0,0.0,0.665833,0.844167,0.208967,5870
2012-07-21 00:00:00,0.0,0.0,1.0,0.0,0,0,0.0,0.0,1.0,0.595833,0.865417,0.2133,4459
2012-07-22 00:00:00,0.0,0.0,1.0,0.0,0,0,0.0,1.0,0.0,0.6675,0.7625,0.09392080000000001,7410
2012-07-23 00:00:00,0.0,0.0,1.0,0.0,0,1,1.0,0.0,0.0,0.741667,0.694167,0.138683,6966
2012-07-24 00:00:00,0.0,0.0,1.0,0.0,0,1,1.0,0.0,0.0,0.750833,0.655,0.211454,7592
2012-07-25 00:00:00,0.0,0.0,1.0,0.0,0,1,1.0,0.0,0.0,0.724167,0.45,0.1648,8173
2012-07-26 00:00:00,0.0,0.0,1.0,0.0,0,1,1.0,0.0,0.0,0.776667,0.5966670000000001,0.28481300000000004,6861
2012-07-27 00:00:00,0.0,0.0,1.0,0.0,0,1,1.0,0.0,0.0,0.781667,0.594583,0.15299200000000002,6904
2012-07-28 00:00:00,0.0,0.0,1.0,0.0,0,0,1.0,0.0,0.0,0.755833,0.613333,0.15735,6685
2012-07-29 00:00:00,0.0,0.0,1.0,0.0,0,0,1.0,0.0,0.0,0.7216670000000001,0.62375,0.170396,6597
2012-07-30 00:00:00,0.0,0.0,1.0,0.0,0,1,1.0,0.0,0.0,0.730833,0.66875,0.153617,7105
2012-07-31 00:00:00,0.0,0.0,1.0,0.0,0,1,1.0,0.0,0.0,0.713333,0.704167,0.165425,7216
2012-08-01 00:00:00,0.0,0.0,1.0,0.0,0,1,1.0,0.0,0.0,0.7175,0.6775,0.141179,7580
2012-08-02 00:00:00,0.0,0.0,1.0,0.0,0,1,1.0,0.0,0.0,0.7525,0.659583,0.129354,7261
2012-08-03 00:00:00,0.0,0.0,1.0,0.0,0,1,0.0,1.0,0.0,0.765833,0.6425,0.215792,7175
2012-08-04 00:00:00,0.0,0.0,1.0,0.0,0,0,1.0,0.0,0.0,0.793333,0.613333,0.257458,6824
2012-08-05 00:00:00,0.0,0.0,1.0,0.0,0,0,1.0,0.0,0.0,0.769167,0.6525,0.290421,5464
2012-08-06 00:00:00,0.0,0.0,1.0,0.0,0,1,0.0,1.0,0.0,0.7525,0.654167,0.129354,7013
2012-08-07 00:00:00,0.0,0.0,1.0,0.0,0,1,0.0,1.0,0.0,0.735833,0.70375,0.116908,7273
2012-08-08 00:00:00,0.0,0.0,1.0,0.0,0,1,0.0,1.0,0.0,0.75,0.672917,0.1107,7534
2012-08-09 00:00:00,0.0,0.0,1.0,0.0,0,1,1.0,0.0,0.0,0.755833,0.620417,0.1561,7286
2012-08-10 00:00:00,0.0,0.0,1.0,0.0,0,1,0.0,1.0,0.0,0.7158329999999999,0.7158329999999999,0.238813,5786
2012-08-11 00:00:00,0.0,0.0,1.0,0.0,0,0,0.0,1.0,0.0,0.6925,0.732917,0.206479,6299
2012-08-12 00:00:00,0.0,0.0,1.0,0.0,0,0,1.0,0.0,0.0,0.700833,0.530417,0.122512,6544
2012-08-13 00:00:00,0.0,0.0,1.0,0.0,0,1,1.0,0.0,0.0,0.720833,0.545417,0.136212,6883
2012-08-14 00:00:00,0.0,0.0,1.0,0.0,0,1,1.0,0.0,0.0,0.726667,0.686667,0.169158,6784
2012-08-15 00:00:00,0.0,0.0,1.0,0.0,0,1,1.0,0.0,0.0,0.706667,0.619583,0.169771,7347
2012-08-16 00:00:00,0.0,0.0,1.0,0.0,0,1,1.0,0.0,0.0,0.719167,0.519167,0.141796,7605
2012-08-17 00:00:00,0.0,0.0,1.0,0.0,0,1,1.0,0.0,0.0,0.723333,0.570833,0.231354,7148
2012-08-18 00:00:00,0.0,0.0,1.0,0.0,0,0,1.0,0.0,0.0,0.678333,0.603333,0.177867,7865
2012-08-19 00:00:00,0.0,0.0,1.0,0.0,0,0,0.0,1.0,0.0,0.635833,0.711667,0.08645,4549
2012-08-20 00:00:00,0.0,0.0,1.0,0.0,0,1,0.0,1.0,0.0,0.635833,0.734167,0.12997899999999998,6530
2012-08-21 00:00:00,0.0,0.0,1.0,0.0,0,1,1.0,0.0,0.0,0.649167,0.67375,0.07277080000000001,7006
2012-08-22 00:00:00,0.0,0.0,1.0,0.0,0,1,1.0,0.0,0.0,0.6675,0.677083,0.0702833,7375
2012-08-23 00:00:00,0.0,0.0,1.0,0.0,0,1,1.0,0.0,0.0,0.695833,0.635833,0.08459580000000001,7765
2012-08-24 00:00:00,0.0,0.0,1.0,0.0,0,1,0.0,1.0,0.0,0.7025,0.615,0.07214580000000001,7582
2012-08-25 00:00:00,0.0,0.0,1.0,0.0,0,0,0.0,1.0,0.0,0.661667,0.712917,0.244408,6053
2012-08-26 00:00:00,0.0,0.0,1.0,0.0,0,0,0.0,1.0,0.0,0.6533329999999999,0.845833,0.228858,5255
2012-08-27 00:00:00,0.0,0.0,1.0,0.0,0,1,1.0,0.0,0.0,0.703333,0.730417,0.128733,6917
2012-08-28 00:00:00,0.0,0.0,1.0,0.0,0,1,1.0,0.0,0.0,0.728333,0.62,0.190925,7040
2012-08-29 00:00:00,0.0,0.0,1.0,0.0,0,1,1.0,0.0,0.0,0.685,0.552083,0.112562,7697
2012-08-30 00:00:00,0.0,0.0,1.0,0.0,0,1,1.0,0.0,0.0,0.706667,0.590417,0.0771167,7713
2012-08-31 00:00:00,0.0,0.0,1.0,0.0,0,1,1.0,0.0,0.0,0.764167,0.5875,0.168533,7350
2012-09-01 00:00:00,0.0,0.0,1.0,0.0,0,0,0.0,1.0,0.0,0.753333,0.638333,0.113187,6140
2012-09-02 00:00:00,0.0,0.0,1.0,0.0,0,0,0.0,1.0,0.0,0.696667,0.815,0.06407080000000001,5810
2012-09-03 00:00:00,0.0,0.0,1.0,0.0,1,0,1.0,0.0,0.0,0.7075,0.790833,0.151121,6034
2012-09-04 00:00:00,0.0,0.0,1.0,0.0,0,1,1.0,0.0,0.0,0.725833,0.755,0.236321,6864
2012-09-05 00:00:00,0.0,0.0,1.0,0.0,0,1,1.0,0.0,0.0,0.736667,0.74125,0.187808,7112
2012-09-06 00:00:00,0.0,0.0,1.0,0.0,0,1,0.0,1.0,0.0,0.696667,0.810417,0.142421,6203
2012-09-07 00:00:00,0.0,0.0,1.0,0.0,0,1,1.0,0.0,0.0,0.703333,0.73625,0.171646,7504
2012-09-08 00:00:00,0.0,0.0,1.0,0.0,0,0,0.0,1.0,0.0,0.6591670000000001,0.799167,0.281104,5976
2012-09-09 00:00:00,0.0,0.0,1.0,0.0,0,0,1.0,0.0,0.0,0.61,0.5475,0.224496,8227
2012-09-10 00:00:00,0.0,0.0,1.0,0.0,0,1,1.0,0.0,0.0,0.583333,0.50375,0.258713,7525
2012-09-11 00:00:00,0.0,0.0,1.0,0.0,0,1,1.0,0.0,0.0,0.5775,0.52,0.09205419999999999,7767
2012-09-12 00:00:00,0.0,0.0,1.0,0.0,0,1,1.0,0.0,0.0,0.599167,0.577083,0.131846,7870
2012-09-13 00:00:00,0.0,0.0,1.0,0.0,0,1,1.0,0.0,0.0,0.6125,29.227330069064518,0.08272080000000001,7804
2012-09-14 00:00:00,0.0,0.0,1.0,0.0,0,1,1.0,0.0,0.0,0.633333,0.6725,0.10386300000000001,8009
2012-09-15 00:00:00,0.0,0.0,1.0,0.0,0,0,1.0,0.0,0.0,0.608333,0.501667,0.247521,8714
2012-09-16 00:00:00,0.0,0.0,1.0,0.0,0,0,1.0,0.0,0.0,0.58,0.57,0.09018330000000001,7333
2012-09-17 00:00:00,0.0,0.0,1.0,0.0,0,1,0.0,1.0,0.0,0.580833,0.734583,0.15174200000000002,6869
2012-09-18 00:00:00,0.0,0.0,1.0,0.0,0,1,0.0,1.0,0.0,0.623333,0.8725,0.357587,4073
2012-09-19 00:00:00,0.0,0.0,1.0,0.0,0,1,1.0,0.0,0.0,0.5525,0.536667,0.215175,7591
2012-09-20 00:00:00,0.0,0.0,1.0,0.0,0,1,1.0,0.0,0.0,0.546667,0.618333,0.11816700000000001,7720
2012-09-21 00:00:00,0.0,0.0,1.0,0.0,0,1,1.0,0.0,0.0,0.599167,0.66875,0.154229,8167
2012-09-22 00:00:00,0.0,0.0,1.0,0.0,0,0,1.0,0.0,0.0,0.65,0.646667,0.283583,8395
2012-09-23 00:00:00,0.0,0.0,0.0,1.0,0,0,1.0,0.0,0.0,0.529167,0.46708299999999997,0.22325799999999998,7907
2012-09-24 00:00:00,0.0,0.0,0.0,1.0,0,1,1.0,0.0,0.0,0.514167,0.492917,0.142404,7436
2012-09-25 00:00:00,0.0,0.0,0.0,1.0,0,1,1.0,0.0,0.0,0.55,0.57,0.236321,7538
2012-09-26 00:00:00,0.0,0.0,0.0,1.0,0,1,1.0,0.0,0.0,0.635,0.630833,0.2444,7733
2012-09-27 00:00:00,0.0,0.0,0.0,1.0,0,1,0.0,1.0,0.0,0.65,0.690833,0.13434200000000002,7393
2012-09-28 00:00:00,0.0,0.0,0.0,1.0,0,1,0.0,1.0,0.0,0.619167,0.69,0.164179,7415
2012-09-29 00:00:00,0.0,0.0,0.0,1.0,0,0,1.0,0.0,0.0,0.5425,0.542917,0.227604,8555
2012-09-30 00:00:00,0.0,0.0,0.0,1.0,0,0,1.0,0.0,0.0,0.526667,0.583333,0.134958,6889
2012-10-01 00:00:00,0.0,0.0,0.0,1.0,0,1,0.0,1.0,0.0,0.520833,0.649167,0.09080419999999999,6778
2012-10-02 00:00:00,0.0,0.0,0.0,1.0,0,1,0.0,0.0,1.0,0.5908329999999999,0.871667,0.104475,4639
2012-10-03 00:00:00,0.0,0.0,0.0,1.0,0,1,0.0,1.0,0.0,0.6575,0.79375,0.0665458,7572
2012-10-04 00:00:00,0.0,0.0,0.0,1.0,0,1,0.0,1.0,0.0,0.6575,0.722917,0.117546,7328
2012-10-05 00:00:00,0.0,0.0,0.0,1.0,0,1,1.0,0.0,0.0,0.615,0.6275,0.10635,8156
2012-10-06 00:00:00,0.0,0.0,0.0,1.0,0,0,1.0,0.0,0.0,0.554167,0.664167,0.268025,7965
2012-10-07 00:00:00,0.0,0.0,0.0,1.0,0,0,0.0,1.0,0.0,0.415833,0.708333,0.14116199999999998,3510
2012-10-08 00:00:00,0.0,0.0,0.0,1.0,1,0,0.0,1.0,0.0,0.383333,0.709583,0.189679,5478
2012-10-09 00:00:00,0.0,0.0,0.0,1.0,0,1,0.0,1.0,0.0,0.446667,0.761667,0.1903,6392
2012-10-10 00:00:00,0.0,0.0,0.0,1.0,0,1,1.0,0.0,0.0,0.514167,0.630833,0.18782100000000002,7691
2012-10-11 00:00:00,0.0,0.0,0.0,1.0,0,1,1.0,0.0,0.0,0.435,0.463333,0.181596,7570
2012-10-12 00:00:00,0.0,0.0,0.0,1.0,0,1,1.0,0.0,0.0,0.4375,0.539167,0.235092,7282
2012-10-13 00:00:00,0.0,0.0,0.0,1.0,0,0,1.0,0.0,0.0,0.393333,0.494583,0.146142,7109
2012-10-14 00:00:00,0.0,0.0,0.0,1.0,0,0,1.0,0.0,0.0,0.521667,0.640417,0.27861199999999997,6639
2012-10-15 00:00:00,0.0,0.0,0.0,1.0,0,1,0.0,1.0,0.0,0.561667,0.7075,0.296037,5875
2012-10-16 00:00:00,0.0,0.0,0.0,1.0,0,1,1.0,0.0,0.0,0.468333,0.558333,0.182221,7534
2012-10-17 00:00:00,0.0,0.0,0.0,1.0,0,1,1.0,0.0,0.0,0.455833,0.692917,0.101371,7461
2012-10-18 00:00:00,0.0,0.0,0.0,1.0,0,1,0.0,1.0,0.0,0.5225,0.728333,0.23693699999999998,7509
2012-10-19 00:00:00,0.0,0.0,0.0,1.0,0,1,0.0,1.0,0.0,0.563333,0.815,0.134954,5424
2012-10-20 00:00:00,0.0,0.0,0.0,1.0,0,0,1.0,0.0,0.0,0.484167,0.572917,0.11753699999999999,8090
2012-10-21 00:00:00,0.0,0.0,0.0,1.0,0,0,1.0,0.0,0.0,0.464167,0.51,0.166054,6824
2012-10-22 00:00:00,0.0,0.0,0.0,1.0,0,1,1.0,0.0,0.0,0.4875,0.568333,0.08148330000000001,7058
2012-10-23 00:00:00,0.0,0.0,0.0,1.0,0,1,1.0,0.0,0.0,0.544167,0.641667,0.09454580000000001,7466
2012-10-24 00:00:00,0.0,0.0,0.0,1.0,0,1,1.0,0.0,0.0,0.5875,0.63625,0.07277919999999999,7693
2012-10-25 00:00:00,0.0,0.0,0.0,1.0,0,1,0.0,1.0,0.0,0.55,0.800417,0.124375,7359
2012-10-26 00:00:00,0.0,0.0,0.0,1.0,0,1,0.0,1.0,0.0,0.545833,0.807083,0.132467,7444
2012-10-27 00:00:00,0.0,0.0,0.0,1.0,0,0,0.0,1.0,0.0,0.53,0.72,0.235692,7852
2012-10-28 00:00:00,0.0,0.0,0.0,1.0,0,0,0.0,1.0,0.0,0.4775,0.694583,0.398008,4459
2012-10-29 00:00:00,0.0,0.0,0.0,1.0,0,1,0.0,0.0,1.0,0.44,0.88,0.3582,22
2012-10-30 00:00:00,0.0,0.0,0.0,1.0,0,1,0.0,1.0,0.0,0.318182,0.8254549999999999,0.213009,1096
2012-10-31 00:00:00,0.0,0.0,0.0,1.0,0,1,0.0,1.0,0.0,0.3575,0.666667,0.166667,5566
2012-11-01 00:00:00,0.0,0.0,0.0,1.0,0,1,0.0,1.0,0.0,0.365833,0.581667,0.157346,5986
2012-11-02 00:00:00,0.0,0.0,0.0,1.0,0,1,1.0,0.0,0.0,0.355,0.522083,0.266175,5847
2012-11-03 00:00:00,0.0,0.0,0.0,1.0,0,0,0.0,1.0,0.0,0.343333,0.49125,0.270529,5138
2012-11-04 00:00:00,0.0,0.0,0.0,1.0,0,0,1.0,0.0,0.0,0.325833,0.532917,0.179108,5107
2012-11-05 00:00:00,0.0,0.0,0.0,1.0,0,1,1.0,0.0,0.0,0.31916700000000003,0.494167,0.236325,5259
2012-11-06 00:00:00,0.0,0.0,0.0,1.0,0,1,1.0,0.0,0.0,0.280833,0.567083,0.173513,5686
2012-11-07 00:00:00,0.0,0.0,0.0,1.0,0,1,0.0,1.0,0.0,0.295833,0.5475,0.304108,5035
2012-11-08 00:00:00,0.0,0.0,0.0,1.0,0,1,1.0,0.0,0.0,0.352174,0.333478,0.347835,5315
2012-11-09 00:00:00,0.0,0.0,0.0,1.0,0,1,1.0,0.0,0.0,0.361667,0.540833,0.214558,5992
2012-11-10 00:00:00,0.0,0.0,0.0,1.0,0,0,1.0,0.0,0.0,0.389167,0.645417,0.05784580000000001,6536
2012-11-11 00:00:00,0.0,0.0,0.0,1.0,0,0,1.0,0.0,0.0,0.420833,0.6591670000000001,0.1275,6852
2012-11-12 00:00:00,0.0,0.0,0.0,1.0,1,0,1.0,0.0,0.0,0.485,0.741667,0.173517,6269
2012-11-13 00:00:00,0.0,0.0,0.0,1.0,0,1,0.0,1.0,0.0,0.343333,0.662917,0.342046,4094
2012-11-14 00:00:00,0.0,0.0,0.0,1.0,0,1,1.0,0.0,0.0,0.289167,0.552083,0.199625,5495
2012-11-15 00:00:00,0.0,0.0,0.0,1.0,0,1,0.0,1.0,0.0,0.321667,0.620417,0.15298699999999998,5445
2012-11-16 00:00:00,0.0,0.0,0.0,1.0,0,1,1.0,0.0,0.0,0.345,0.524583,0.171025,5698
2012-11-17 00:00:00,0.0,0.0,0.0,1.0,0,0,1.0,0.0,0.0,0.325,0.545417,0.179729,5629
2012-11-18 00:00:00,0.0,0.0,0.0,1.0,0,0,1.0,0.0,0.0,0.3425,0.692917,0.22761199999999998,4669
2012-11-19 00:00:00,0.0,0.0,0.0,1.0,0,1,0.0,1.0,0.0,0.380833,0.623333,0.235067,5499
2012-11-20 00:00:00,0.0,0.0,0.0,1.0,0,1,0.0,1.0,0.0,0.374167,0.685,0.082725,5634
2012-11-21 00:00:00,0.0,0.0,0.0,1.0,0,1,1.0,0.0,0.0,0.353333,0.61375,0.103246,5146
2012-11-22 00:00:00,0.0,0.0,0.0,1.0,1,0,1.0,0.0,0.0,0.34,0.580417,0.05287080000000001,2425
2012-11-23 00:00:00,0.0,0.0,0.0,1.0,0,1,1.0,0.0,0.0,0.36833299999999997,0.56875,0.148021,3910
2012-11-24 00:00:00,0.0,0.0,0.0,1.0,0,0,1.0,0.0,0.0,0.278333,0.40458299999999997,0.376871,2277
2012-11-25 00:00:00,0.0,0.0,0.0,1.0,0,0,1.0,0.0,0.0,0.245833,0.468333,0.1505,2424
2012-11-26 00:00:00,0.0,0.0,0.0,1.0,0,1,1.0,0.0,0.0,0.313333,0.535417,0.04665,5087
2012-11-27 00:00:00,0.0,0.0,0.0,1.0,0,1,0.0,1.0,0.0,0.291667,0.786667,0.237562,3959
2012-11-28 00:00:00,0.0,0.0,0.0,1.0,0,1,1.0,0.0,0.0,0.296667,0.50625,0.210821,5260
2012-11-29 00:00:00,0.0,0.0,0.0,1.0,0,1,1.0,0.0,0.0,0.28087,0.555652,0.115522,5323
2012-11-30 00:00:00,0.0,0.0,0.0,1.0,0,1,1.0,0.0,0.0,0.298333,38.39246861232918,0.05847080000000001,5668
2012-12-01 00:00:00,0.0,0.0,0.0,1.0,0,0,0.0,1.0,0.0,0.298333,0.806667,0.05970419999999999,5191
2012-12-02 00:00:00,0.0,0.0,0.0,1.0,0,0,0.0,1.0,0.0,0.3475,0.823333,0.12437899999999999,4649
2012-12-03 00:00:00,0.0,0.0,0.0,1.0,0,1,1.0,0.0,0.0,0.4525,0.7675,0.08272080000000001,6234
2012-12-04 00:00:00,0.0,0.0,0.0,1.0,0,1,1.0,0.0,0.0,0.475833,0.73375,0.174129,6606
2012-12-05 00:00:00,0.0,0.0,0.0,1.0,0,1,1.0,0.0,0.0,0.438333,0.485,0.324021,5729
2012-12-06 00:00:00,0.0,0.0,0.0,1.0,0,1,1.0,0.0,0.0,0.255833,0.50875,0.174754,5375
2012-12-07 00:00:00,0.0,0.0,0.0,1.0,0,1,0.0,1.0,0.0,0.320833,0.764167,0.1306,5008
2012-12-08 00:00:00,0.0,0.0,0.0,1.0,0,0,0.0,1.0,0.0,0.38166700000000003,0.91125,0.101379,5582
2012-12-09 00:00:00,0.0,0.0,0.0,1.0,0,0,0.0,1.0,0.0,0.384167,0.905417,0.157975,3228
2012-12-10 00:00:00,0.0,0.0,0.0,1.0,0,1,0.0,1.0,0.0,0.43583299999999997,0.925,0.190308,5170
2012-12-11 00:00:00,0.0,0.0,0.0,1.0,0,1,0.0,1.0,0.0,0.353333,0.5966670000000001,0.296037,5501
2012-12-12 00:00:00,0.0,0.0,0.0,1.0,0,1,0.0,1.0,0.0,0.2975,0.538333,0.162937,5319
2012-12-13 00:00:00,0.0,0.0,0.0,1.0,0,1,1.0,0.0,0.0,0.295833,0.485833,0.174129,5532
2012-12-14 00:00:00,0.0,0.0,0.0,1.0,0,1,1.0,0.0,0.0,0.281667,0.642917,0.13122899999999998,5611
2012-12-15 00:00:00,0.0,0.0,0.0,1.0,0,0,1.0,0.0,0.0,0.324167,0.650417,0.10635,5047
2012-12-16 00:00:00,0.0,0.0,0.0,1.0,0,0,0.0,1.0,0.0,0.3625,0.83875,0.100742,3786
2012-12-17 00:00:00,0.0,0.0,0.0,1.0,0,1,0.0,1.0,0.0,0.393333,0.907083,0.0982583,4585
2012-12-18 00:00:00,0.0,0.0,0.0,1.0,0,1,1.0,0.0,0.0,0.410833,0.66625,0.221404,5557
2012-12-19 00:00:00,0.0,0.0,0.0,1.0,0,1,1.0,0.0,0.0,0.3325,0.625417,0.184092,5267
2012-12-20 00:00:00,0.0,0.0,0.0,1.0,0,1,0.0,1.0,0.0,0.33,0.667917,0.132463,4128
2012-12-21 00:00:00,1.0,0.0,0.0,0.0,0,1,0.0,1.0,0.0,0.326667,0.556667,0.37438299999999997,3623
2012-12-22 00:00:00,1.0,0.0,0.0,0.0,0,0,1.0,0.0,0.0,0.265833,0.44125,0.407346,1749
2012-12-23 00:00:00,1.0,0.0,0.0,0.0,0,0,1.0,0.0,0.0,0.245833,0.515417,0.13308299999999998,1787
2012-12-24 00:00:00,1.0,0.0,0.0,0.0,0,1,0.0,1.0,0.0,0.231304,0.791304,0.07723039999999999,920
2012-12-25 00:00:00,1.0,0.0,0.0,0.0,1,0,0.0,1.0,0.0,0.291304,0.734783,0.168726,1013
2012-12-26 00:00:00,1.0,0.0,0.0,0.0,0,1,0.0,0.0,1.0,0.243333,0.823333,0.316546,441
2012-12-27 00:00:00,1.0,0.0,0.0,0.0,0,1,0.0,1.0,0.0,0.25416700000000003,0.652917,0.35013299999999997,2114
2012-12-28 00:00:00,1.0,0.0,0.0,0.0,0,1,0.0,1.0,0.0,0.253333,0.59,0.155471,3095
2012-12-29 00:00:00,1.0,0.0,0.0,0.0,0,0,0.0,1.0,0.0,0.253333,0.7529170000000001,0.124383,1341
2012-12-30 00:00:00,1.0,0.0,0.0,0.0,0,0,1.0,0.0,0.0,0.255833,0.483333,0.350754,1796
2012-12-31 00:00:00,1.0,0.0,0.0,0.0,0,1,0.0,1.0,0.0,0.215833,0.5775,0.154846,2729
